Nombre,Ruta,Duración,Tamaño MB,Resolución
005edf47-ddb6-46ec-a8a1-0b331be0cf77.mp4,C:\discolocal\PROYECTOS\PYTHON\YouTube Upload Python\scripts\youtube_gallery_nicegui\pages\xbox_download_videos\downloaded_media2\005edf47-ddb6-46ec-a8a1-0b331be0cf77.mp4,0:00:59,150.4304485321045,1920x1080
013c0608-f3db-4bfa-925a-61ccd5161770.mp4,C:\discolocal\PROYECTOS\PYTHON\YouTube Upload Python\scripts\youtube_gallery_nicegui\pages\xbox_download_videos\downloaded_media4\013c0608-f3db-4bfa-925a-61ccd5161770.mp4,0:00:59,130.864972114563,1920x1080
015d4e66-22c6-4518-8c74-1b557dc648d8.mp4,C:\discolocal\PROYECTOS\PYTHON\YouTube Upload Python\scripts\youtube_gallery_nicegui\pages\xbox_download_videos\downloaded_media\015d4e66-22c6-4518-8c74-1b557dc648d8.mp4,0:00:59,141.42065238952637,1920x1080
0161eaf5-9db4-4b4e-b167-9a5803ef2691.mp4,C:\discolocal\PROYECTOS\PYTHON\YouTube Upload Python\scripts\youtube_gallery_nicegui\pages\xbox_download_videos\downloaded_media\0161eaf5-9db4-4b4e-b167-9a5803ef2691.mp4,0:00:59,131.2504997253418,1920x1080
0161eaf5-9db4-4b4e-b167-9a5803ef2691.mp4,C:\discolocal\PROYECTOS\PYTHON\YouTube Upload Python\scripts\youtube_gallery_nicegui\pages\xbox_download_videos\downloaded_media1\0161eaf5-9db4-4b4e-b167-9a5803ef2691.mp4,0:00:59,131.2504997253418,1920x1080
01f12468-a839-4412-9c7a-0198af507996.mp4,C:\discolocal\PROYECTOS\PYTHON\YouTube Upload Python\scripts\youtube_gallery_nicegui\pages\xbox_download_videos\downloaded_media\01f12468-a839-4412-9c7a-0198af507996.mp4,0:00:59,123.19655895233154,1920x1080
02-1ebee72a-ac5e-436c-b43a-80bdb05ae5d3.mp4.mp4,C:\discolocal\PROYECTOS\PYTHON\YouTube Upload Python\videos\02-1ebee72a-ac5e-436c-b43a-80bdb05ae5d3.mp4.mp4,0:00:29,68.4674243927002,1920x1080
021df8f1-472f-478a-b280-7ac0b9b91a7a.mp4,C:\discolocal\PROYECTOS\PYTHON\YouTube Upload Python\scripts\youtube_gallery_nicegui\pages\xbox_download_videos\downloaded_media4\021df8f1-472f-478a-b280-7ac0b9b91a7a.mp4,0:01:00,122.78695487976074,1920x1080
04f6f57d-4e94-44e5-bd30-f8d7311650ef.mp4,C:\discolocal\PROYECTOS\PYTHON\YouTube Upload Python\scripts\youtube_gallery_nicegui\pages\xbox_download_videos\downloaded_media\04f6f57d-4e94-44e5-bd30-f8d7311650ef.mp4,0:00:59,113.84852695465088,1920x1080
062415f8-5c0d-4c13-a0c0-f162df84750b.mp4,C:\discolocal\PROYECTOS\PYTHON\YouTube Upload Python\scripts\youtube_gallery_nicegui\pages\xbox_download_videos\downloaded_media3\062415f8-5c0d-4c13-a0c0-f162df84750b.mp4,0:00:59,128.9163112640381,1920x1080
08be477d-7eb5-4678-912c-a869914d94cf.mp4,C:\discolocal\PROYECTOS\PYTHON\YouTube Upload Python\scripts\youtube_gallery_nicegui\pages\xbox_download_videos\downloaded_media4\08be477d-7eb5-4678-912c-a869914d94cf.mp4,0:00:59,134.7017822265625,1920x1080
0928e230-2bb3-42ac-88fe-cf08e24de7df.mp4,C:\discolocal\PROYECTOS\PYTHON\YouTube Upload Python\scripts\youtube_gallery_nicegui\pages\xbox_download_videos\downloaded_media2\0928e230-2bb3-42ac-88fe-cf08e24de7df.mp4,0:00:59,140.60717582702637,1920x1080
0a963865-58be-45f9-9ae4-e7a85b69ad78.mp4,C:\discolocal\PROYECTOS\PYTHON\YouTube Upload Python\scripts\youtube_gallery_nicegui\pages\xbox_download_videos\downloaded_media4\0a963865-58be-45f9-9ae4-e7a85b69ad78.mp4,0:00:59,141.65309715270996,1920x1080
0c569a3b-334b-43d9-bddb-0bf6c4f61a3f.mp4,C:\discolocal\PROYECTOS\PYTHON\YouTube Upload Python\scripts\youtube_gallery_nicegui\pages\xbox_download_videos\downloaded_media2\0c569a3b-334b-43d9-bddb-0bf6c4f61a3f.mp4,0:00:59,143.2033748626709,1920x1080
0c9a500e-d492-47b8-b9d9-3dda653ca18f.mp4,C:\discolocal\PROYECTOS\PYTHON\YouTube Upload Python\scripts\youtube_gallery_nicegui\pages\xbox_download_videos\downloaded_media\0c9a500e-d492-47b8-b9d9-3dda653ca18f.mp4,0:00:59,117.92445755004883,1920x1080
0d842d75-fb10-46f0-8a62-a3ede57ededa.mp4,C:\discolocal\PROYECTOS\PYTHON\YouTube Upload Python\scripts\youtube_gallery_nicegui\pages\xbox_download_videos\downloaded_media4\0d842d75-fb10-46f0-8a62-a3ede57ededa.mp4,0:00:59,117.76735210418701,1920x1080
0d865d94-1200-4ac3-a832-882fd6b91a25.mp4,C:\discolocal\PROYECTOS\PYTHON\YouTube Upload Python\scripts\youtube_gallery_nicegui\pages\xbox_download_videos\downloaded_media4\0d865d94-1200-4ac3-a832-882fd6b91a25.mp4,0:00:59,144.75654315948486,1920x1080
0da478a4-ae36-4ed3-aabd-d22453de89b5.mp4,C:\discolocal\PROYECTOS\PYTHON\YouTube Upload Python\scripts\youtube_gallery_nicegui\pages\xbox_download_videos\downloaded_media3\0da478a4-ae36-4ed3-aabd-d22453de89b5.mp4,0:00:59,133.9323148727417,1920x1080
0e088882-cf3f-44e3-9d84-c5e309832d3f.mp4,C:\discolocal\PROYECTOS\PYTHON\YouTube Upload Python\scripts\youtube_gallery_nicegui\pages\xbox_download_videos\downloaded_media3\0e088882-cf3f-44e3-9d84-c5e309832d3f.mp4,0:00:59,118.6209945678711,1920x1080
0f0e0f01-7dec-4a87-a162-0149e9637161.mp4,C:\discolocal\PROYECTOS\PYTHON\YouTube Upload Python\scripts\youtube_gallery_nicegui\pages\xbox_download_videos\downloaded_media3\0f0e0f01-7dec-4a87-a162-0149e9637161.mp4,0:00:59,129.62796592712402,1920x1080
103f799c-8ec3-4f94-891b-40b38b4dcce6.mp4,C:\discolocal\PROYECTOS\PYTHON\YouTube Upload Python\scripts\youtube_gallery_nicegui\pages\xbox_download_videos\downloaded_media4\103f799c-8ec3-4f94-891b-40b38b4dcce6.mp4,0:00:59,136.2900619506836,1920x1080
1251c05f-90ea-4b6f-a2ad-bd9d5ed6db01.mp4,C:\discolocal\PROYECTOS\PYTHON\YouTube Upload Python\scripts\youtube_gallery_nicegui\pages\xbox_download_videos\downloaded_media4\1251c05f-90ea-4b6f-a2ad-bd9d5ed6db01.mp4,0:00:59,131.55619430541992,1920x1080
1309e5bc-f1b8-4b56-a071-a394c463bef6.mp4,C:\discolocal\PROYECTOS\PYTHON\YouTube Upload Python\scripts\youtube_gallery_nicegui\pages\xbox_download_videos\downloaded_media4\1309e5bc-f1b8-4b56-a071-a394c463bef6.mp4,0:00:57,121.11948680877686,1920x1080
13e32ed0-0fe4-4f1a-a740-288cb1a2f7f0.mp4,C:\discolocal\PROYECTOS\PYTHON\YouTube Upload Python\scripts\youtube_gallery_nicegui\pages\xbox_download_videos\downloaded_media2\13e32ed0-0fe4-4f1a-a740-288cb1a2f7f0.mp4,0:00:59,130.24291515350342,1920x1080
14dd7a1d-b8e8-4830-b067-931cb9a341fd.mp4,C:\discolocal\PROYECTOS\PYTHON\YouTube Upload Python\scripts\youtube_gallery_nicegui\pages\xbox_download_videos\downloaded_media2\14dd7a1d-b8e8-4830-b067-931cb9a341fd.mp4,0:00:59,135.19515895843506,1920x1080
15ab6479-2631-4180-b658-41275610fc18.mp4,C:\discolocal\PROYECTOS\PYTHON\YouTube Upload Python\scripts\youtube_gallery_nicegui\pages\xbox_download_videos\downloaded_media3\15ab6479-2631-4180-b658-41275610fc18.mp4,0:00:59,128.0058307647705,1920x1080
164d2303-bee7-4c25-a019-42bad9ddcc9a.mp4,C:\discolocal\PROYECTOS\PYTHON\YouTube Upload Python\scripts\youtube_gallery_nicegui\pages\xbox_download_videos\downloaded_media3\164d2303-bee7-4c25-a019-42bad9ddcc9a.mp4,0:00:59,129.48503494262695,1920x1080
17876553-df5b-408d-837b-811224a1b873.mp4,C:\discolocal\PROYECTOS\PYTHON\YouTube Upload Python\scripts\youtube_gallery_nicegui\pages\xbox_download_videos\downloaded_media2\17876553-df5b-408d-837b-811224a1b873.mp4,0:00:59,152.67737865447998,1920x1080
18764283-fa16-4f63-a7a2-0b27fcde1e5f.mp4,C:\discolocal\PROYECTOS\PYTHON\YouTube Upload Python\scripts\youtube_gallery_nicegui\pages\xbox_download_videos\downloaded_media3\18764283-fa16-4f63-a7a2-0b27fcde1e5f.mp4,0:00:59,123.5299425125122,1920x1080
1ab1c9b0-a017-420f-a54c-e995506a8201.mp4,C:\discolocal\PROYECTOS\PYTHON\YouTube Upload Python\scripts\youtube_gallery_nicegui\pages\xbox_download_videos\downloaded_media4\1ab1c9b0-a017-420f-a54c-e995506a8201.mp4,0:00:58,117.5658540725708,1920x1080
1ade3891-9442-4e83-b99f-8e5bb0379ef7.mp4,C:\discolocal\PROYECTOS\PYTHON\YouTube Upload Python\scripts\youtube_gallery_nicegui\pages\xbox_download_videos\downloaded_media4\1ade3891-9442-4e83-b99f-8e5bb0379ef7.mp4,0:00:59,124.0521936416626,1920x1080
1b94b0a7-9534-45db-87fe-2655f8580957.mp4,C:\discolocal\PROYECTOS\PYTHON\YouTube Upload Python\scripts\youtube_gallery_nicegui\pages\xbox_download_videos\downloaded_media2\1b94b0a7-9534-45db-87fe-2655f8580957.mp4,0:00:59,126.7222089767456,1920x1080
1d881167-5d35-42a8-ae03-dbc30bae7599.mp4,C:\discolocal\PROYECTOS\PYTHON\YouTube Upload Python\scripts\youtube_gallery_nicegui\pages\xbox_download_videos\downloaded_media4\1d881167-5d35-42a8-ae03-dbc30bae7599.mp4,0:00:59,129.48503494262695,1920x1080
1e177ae2-4b28-4d5c-8593-eff7765c7461.mp4,C:\discolocal\PROYECTOS\PYTHON\YouTube Upload Python\scripts\youtube_gallery_nicegui\pages\xbox_download_videos\downloaded_media4\1e177ae2-4b28-4d5c-8593-eff7765c7461.mp4,0:00:59,132.11038780212402,1920x1080
1e7c2ec9-ffba-4e54-8910-8d1f458a20ea.mp4,C:\discolocal\PROYECTOS\PYTHON\YouTube Upload Python\scripts\youtube_gallery_nicegui\pages\xbox_download_videos\downloaded_media4\1e7c2ec9-ffba-4e54-8910-8d1f458a20ea.mp4,0:00:54,116.42623901367188,1920x1080
1f1ab4fe-3313-4049-bd6e-d088ab772246.mp4,C:\discolocal\PROYECTOS\PYTHON\YouTube Upload Python\scripts\youtube_gallery_nicegui\pages\xbox_download_videos\downloaded_media3\1f1ab4fe-3313-4049-bd6e-d088ab772246.mp4,0:00:59,129.3175163269043,1920x1080
1f3f833d-4217-45c1-89dd-6d1f7e4ae71b.mp4,C:\discolocal\PROYECTOS\PYTHON\YouTube Upload Python\scripts\youtube_gallery_nicegui\pages\xbox_download_videos\downloaded_media4\1f3f833d-4217-45c1-89dd-6d1f7e4ae71b.mp4,0:01:00,135.6976318359375,1920x1080
20b165bb-4e8f-4e12-bf1a-f31b22c804b8.mp4,C:\discolocal\PROYECTOS\PYTHON\YouTube Upload Python\scripts\youtube_gallery_nicegui\pages\xbox_download_videos\downloaded_media4\20b165bb-4e8f-4e12-bf1a-f31b22c804b8.mp4,0:00:55,114.2091932296753,1920x1080
20dc315e-d49d-454e-b996-fbd265a278cc.mp4,C:\discolocal\PROYECTOS\PYTHON\YouTube Upload Python\scripts\youtube_gallery_nicegui\pages\xbox_download_videos\downloaded_media3\20dc315e-d49d-454e-b996-fbd265a278cc.mp4,0:00:59,123.59455966949463,1920x1080
21239864-eec0-4a93-837f-f3d38f72adcb.mp4,C:\discolocal\PROYECTOS\PYTHON\YouTube Upload Python\scripts\youtube_gallery_nicegui\pages\xbox_download_videos\downloaded_media2\21239864-eec0-4a93-837f-f3d38f72adcb.mp4,0:00:59,170.89884853363037,1920x1080
226fc94a-d0b9-4bbd-b01f-91c71edd2168.mp4,C:\discolocal\PROYECTOS\PYTHON\YouTube Upload Python\scripts\youtube_gallery_nicegui\pages\xbox_download_videos\downloaded_media4\226fc94a-d0b9-4bbd-b01f-91c71edd2168.mp4,0:00:59,117.68110466003418,1920x1080
23d3165d-7c2b-4c43-8d70-ddaa845e4c4f.mp4,C:\discolocal\PROYECTOS\PYTHON\YouTube Upload Python\scripts\youtube_gallery_nicegui\pages\xbox_download_videos\downloaded_media2\23d3165d-7c2b-4c43-8d70-ddaa845e4c4f.mp4,0:00:59,153.05227756500244,1920x1080
2468fc28-bba7-4a4b-b2f6-c2f7dfe809a1.mp4,C:\discolocal\PROYECTOS\PYTHON\YouTube Upload Python\scripts\youtube_gallery_nicegui\pages\xbox_download_videos\downloaded_media4\2468fc28-bba7-4a4b-b2f6-c2f7dfe809a1.mp4,0:00:59,126.13346672058105,1920x1080
25ae227a-c339-4e0a-ac45-36cbf79a3192.mp4,C:\discolocal\PROYECTOS\PYTHON\YouTube Upload Python\scripts\youtube_gallery_nicegui\pages\xbox_download_videos\downloaded_media4\25ae227a-c339-4e0a-ac45-36cbf79a3192.mp4,0:00:59,123.5299425125122,1920x1080
25bb57a3-5280-4750-a116-e70d6261a9a1.mp4,C:\discolocal\PROYECTOS\PYTHON\YouTube Upload Python\scripts\youtube_gallery_nicegui\pages\xbox_download_videos\downloaded_media4\25bb57a3-5280-4750-a116-e70d6261a9a1.mp4,0:01:00,123.1165018081665,1920x1080
26206e53-8203-4789-af2b-d8a846f42d08.mp4,C:\discolocal\PROYECTOS\PYTHON\YouTube Upload Python\scripts\youtube_gallery_nicegui\pages\xbox_download_videos\downloaded_media\26206e53-8203-4789-af2b-d8a846f42d08.mp4,0:00:59,129.71796226501465,1920x1080
26a93bf6-7887-4c99-8514-e3b8aafa2e33.mp4,C:\discolocal\PROYECTOS\PYTHON\YouTube Upload Python\scripts\youtube_gallery_nicegui\pages\xbox_download_videos\downloaded_media4\26a93bf6-7887-4c99-8514-e3b8aafa2e33.mp4,0:00:59,125.1633768081665,1920x1080
274bd35d-a70d-4ab0-9fbe-e3184922d5d2.mp4,C:\discolocal\PROYECTOS\PYTHON\YouTube Upload Python\scripts\youtube_gallery_nicegui\pages\xbox_download_videos\downloaded_media4\274bd35d-a70d-4ab0-9fbe-e3184922d5d2.mp4,0:00:59,122.94838523864746,1920x1080
274fe00d-345f-4df9-99e3-29db58b3e823.mp4,C:\discolocal\PROYECTOS\PYTHON\YouTube Upload Python\scripts\youtube_gallery_nicegui\pages\xbox_download_videos\downloaded_media4\274fe00d-345f-4df9-99e3-29db58b3e823.mp4,0:00:59,117.1634693145752,1920x1080
27fe55c4-ed81-45b1-9e4f-155549f35312.mp4,C:\discolocal\PROYECTOS\PYTHON\YouTube Upload Python\scripts\youtube_gallery_nicegui\pages\xbox_download_videos\downloaded_media4\27fe55c4-ed81-45b1-9e4f-155549f35312.mp4,0:00:59,193.1049919128418,1920x1080
29a8e765-0201-41aa-8f08-42f08207dc77.mp4,C:\discolocal\PROYECTOS\PYTHON\YouTube Upload Python\scripts\youtube_gallery_nicegui\pages\xbox_download_videos\downloaded_media3\29a8e765-0201-41aa-8f08-42f08207dc77.mp4,0:01:00,124.50922298431396,1920x1080
2a69339a-6b85-4518-8eef-577935987794.mp4,C:\discolocal\PROYECTOS\PYTHON\YouTube Upload Python\scripts\youtube_gallery_nicegui\pages\xbox_download_videos\downloaded_media3\2a69339a-6b85-4518-8eef-577935987794.mp4,0:00:59,126.12374687194824,1920x1080
2c84eb8f-89f1-4b86-b656-c5e7e98be58c.mp4,C:\discolocal\PROYECTOS\PYTHON\YouTube Upload Python\scripts\youtube_gallery_nicegui\pages\xbox_download_videos\downloaded_media\2c84eb8f-89f1-4b86-b656-c5e7e98be58c.mp4,0:00:59,125.34792518615723,1920x1080
2d95f733-b6d0-4f04-b568-859538d74ee0.mp4,C:\discolocal\PROYECTOS\PYTHON\YouTube Upload Python\scripts\youtube_gallery_nicegui\pages\xbox_download_videos\downloaded_media4\2d95f733-b6d0-4f04-b568-859538d74ee0.mp4,0:00:59,125.76304721832275,1920x1080
2e977d8d-44ed-4cae-aa41-6a7777eacaba.mp4,C:\discolocal\PROYECTOS\PYTHON\YouTube Upload Python\scripts\youtube_gallery_nicegui\pages\xbox_download_videos\downloaded_media2\2e977d8d-44ed-4cae-aa41-6a7777eacaba.mp4,0:00:59,185.55172538757324,1920x1080
2f1a1c03-0316-4b2b-823d-b53800f50a5b.mp4,C:\discolocal\PROYECTOS\PYTHON\YouTube Upload Python\scripts\youtube_gallery_nicegui\pages\xbox_download_videos\downloaded_media\2f1a1c03-0316-4b2b-823d-b53800f50a5b.mp4,0:00:59,124.53328800201416,1920x1080
2f1a1c03-0316-4b2b-823d-b53800f50a5b.mp4,C:\discolocal\PROYECTOS\PYTHON\YouTube Upload Python\scripts\youtube_gallery_nicegui\pages\xbox_download_videos\downloaded_media1\2f1a1c03-0316-4b2b-823d-b53800f50a5b.mp4,0:00:59,124.53328800201416,1920x1080
35000bfc-fcf7-480f-ac00-27b195128ced.mp4,C:\discolocal\PROYECTOS\PYTHON\YouTube Upload Python\scripts\youtube_gallery_nicegui\pages\xbox_download_videos\downloaded_media2\35000bfc-fcf7-480f-ac00-27b195128ced.mp4,0:00:59,122.32679271697998,1920x1080
3577043c-361b-4e35-9df4-352cfa04e750.mp4,C:\discolocal\PROYECTOS\PYTHON\YouTube Upload Python\scripts\youtube_gallery_nicegui\pages\xbox_download_videos\downloaded_media3\3577043c-361b-4e35-9df4-352cfa04e750.mp4,0:00:59,141.71236419677734,1920x1080
35a5eab7-3869-4f09-a9b0-193764c0a020.mp4,C:\discolocal\PROYECTOS\PYTHON\YouTube Upload Python\scripts\youtube_gallery_nicegui\pages\xbox_download_videos\downloaded_media3\35a5eab7-3869-4f09-a9b0-193764c0a020.mp4,0:00:59,119.71234130859375,1920x1080
372897f2-c906-41cd-85bd-42ea7dad4157.mp4,C:\discolocal\PROYECTOS\PYTHON\YouTube Upload Python\scripts\youtube_gallery_nicegui\pages\xbox_download_videos\downloaded_media4\372897f2-c906-41cd-85bd-42ea7dad4157.mp4,0:00:59,144.0342836380005,1920x1080
37431408-fd36-417e-b71d-d3f474d8e2c6.mp4,C:\discolocal\PROYECTOS\PYTHON\YouTube Upload Python\scripts\youtube_gallery_nicegui\pages\xbox_download_videos\downloaded_media4\37431408-fd36-417e-b71d-d3f474d8e2c6.mp4,0:00:59,153.7011775970459,1920x1080
3a814181-a5d6-475f-99ba-e19565045ad0.mp4,C:\discolocal\PROYECTOS\PYTHON\YouTube Upload Python\scripts\youtube_gallery_nicegui\pages\xbox_download_videos\downloaded_media4\3a814181-a5d6-475f-99ba-e19565045ad0.mp4,0:00:59,119.85230445861816,1920x1080
3a96454d-5c85-4caf-b7fa-578dcc230fe9.mp4,C:\discolocal\PROYECTOS\PYTHON\YouTube Upload Python\scripts\youtube_gallery_nicegui\pages\xbox_download_videos\downloaded_media\3a96454d-5c85-4caf-b7fa-578dcc230fe9.mp4,0:00:59,137.74198818206787,1920x1080
3b13de5f-b9fc-45b5-8deb-05389507326d.mp4,C:\discolocal\PROYECTOS\PYTHON\YouTube Upload Python\scripts\youtube_gallery_nicegui\pages\xbox_download_videos\downloaded_media4\3b13de5f-b9fc-45b5-8deb-05389507326d.mp4,0:00:59,118.16979122161865,1920x1080
3d06afae-21b7-4c0d-9c3b-1c00c2e0f444.mp4,C:\discolocal\PROYECTOS\PYTHON\YouTube Upload Python\scripts\youtube_gallery_nicegui\pages\xbox_download_videos\downloaded_media3\3d06afae-21b7-4c0d-9c3b-1c00c2e0f444.mp4,0:00:59,122.3447265625,1920x1080
3e2c3d34-7dfa-4b98-80f0-33c9e318492c.mp4,C:\discolocal\PROYECTOS\PYTHON\YouTube Upload Python\scripts\youtube_gallery_nicegui\pages\xbox_download_videos\downloaded_media2\3e2c3d34-7dfa-4b98-80f0-33c9e318492c.mp4,0:00:59,142.4534101486206,1920x1080
3e97e046-79ad-4714-8c12-00a411cdc9f8.mp4,C:\discolocal\PROYECTOS\PYTHON\YouTube Upload Python\scripts\youtube_gallery_nicegui\pages\xbox_download_videos\downloaded_media4\3e97e046-79ad-4714-8c12-00a411cdc9f8.mp4,0:00:59,137.56843185424805,1920x1080
405d3e68-8b8d-4089-8663-a6bff5c4f20e.mp4,C:\discolocal\PROYECTOS\PYTHON\YouTube Upload Python\scripts\youtube_gallery_nicegui\pages\xbox_download_videos\downloaded_media3\405d3e68-8b8d-4089-8663-a6bff5c4f20e.mp4,0:00:57,123.24567317962646,1920x1080
40601ee2-b32f-426c-a653-147bac13ddd1.mp4,C:\discolocal\PROYECTOS\PYTHON\YouTube Upload Python\scripts\youtube_gallery_nicegui\pages\xbox_download_videos\downloaded_media4\40601ee2-b32f-426c-a653-147bac13ddd1.mp4,0:00:59,139.83559608459473,1920x1080
44180b4a-900e-4875-8204-9e6d008055fc.mp4,C:\discolocal\PROYECTOS\PYTHON\YouTube Upload Python\scripts\youtube_gallery_nicegui\pages\xbox_download_videos\downloaded_media4\44180b4a-900e-4875-8204-9e6d008055fc.mp4,0:00:59,129.68487358093262,1920x1080
4651d053-1038-42d8-a78f-9871a2f48c1b.mp4,C:\discolocal\PROYECTOS\PYTHON\YouTube Upload Python\scripts\youtube_gallery_nicegui\pages\xbox_download_videos\downloaded_media3\4651d053-1038-42d8-a78f-9871a2f48c1b.mp4,0:00:59,51.12209415435791,1920x1080
47deef63-401e-4bcf-9900-62a1bfa0b5b3.mp4,C:\discolocal\PROYECTOS\PYTHON\YouTube Upload Python\scripts\youtube_gallery_nicegui\pages\xbox_download_videos\downloaded_media3\47deef63-401e-4bcf-9900-62a1bfa0b5b3.mp4,0:00:59,118.78960800170898,1920x1080
483b3dac-48c8-4e39-93e7-ff90c5580a31.mp4,C:\discolocal\PROYECTOS\PYTHON\YouTube Upload Python\scripts\youtube_gallery_nicegui\pages\xbox_download_videos\downloaded_media3\483b3dac-48c8-4e39-93e7-ff90c5580a31.mp4,0:00:59,146.19578075408936,1920x1080
4890b8b5-12d6-419b-a2fa-384ee7cef933.mp4,C:\discolocal\PROYECTOS\PYTHON\YouTube Upload Python\scripts\youtube_gallery_nicegui\pages\xbox_download_videos\downloaded_media2\4890b8b5-12d6-419b-a2fa-384ee7cef933.mp4,0:00:59,154.55670356750488,1920x1080
48db1ebf-97c4-454e-814d-ea9b9611bfeb.mp4,C:\discolocal\PROYECTOS\PYTHON\YouTube Upload Python\scripts\youtube_gallery_nicegui\pages\xbox_download_videos\downloaded_media4\48db1ebf-97c4-454e-814d-ea9b9611bfeb.mp4,0:00:56,128.24217224121094,1920x1080
4a33e6e9-629e-4d2e-ae36-88fa3dd61e5b.mp4,C:\discolocal\PROYECTOS\PYTHON\YouTube Upload Python\scripts\youtube_gallery_nicegui\pages\xbox_download_videos\downloaded_media4\4a33e6e9-629e-4d2e-ae36-88fa3dd61e5b.mp4,0:00:59,126.691086769104,1920x1080
4cab1c98-4545-4e38-bcd7-5ead061ba4bf.mp4,C:\discolocal\PROYECTOS\PYTHON\YouTube Upload Python\scripts\youtube_gallery_nicegui\pages\xbox_download_videos\downloaded_media3\4cab1c98-4545-4e38-bcd7-5ead061ba4bf.mp4,0:00:59,117.77621364593506,1920x1080
4e81a6b6-0a87-4655-9e98-e2de087b87e6.mp4,C:\discolocal\PROYECTOS\PYTHON\YouTube Upload Python\scripts\youtube_gallery_nicegui\pages\xbox_download_videos\downloaded_media2\4e81a6b6-0a87-4655-9e98-e2de087b87e6.mp4,0:00:59,156.26109409332275,1920x1080
4fd5e984-93fb-4344-93de-fb95ccddf9db.mp4,C:\discolocal\PROYECTOS\PYTHON\YouTube Upload Python\scripts\youtube_gallery_nicegui\pages\xbox_download_videos\downloaded_media4\4fd5e984-93fb-4344-93de-fb95ccddf9db.mp4,0:00:59,154.62218379974365,1920x1080
51ad9943-ffea-4c7d-a1af-baba39d59fcc.mp4,C:\discolocal\PROYECTOS\PYTHON\YouTube Upload Python\scripts\youtube_gallery_nicegui\pages\xbox_download_videos\downloaded_media3\51ad9943-ffea-4c7d-a1af-baba39d59fcc.mp4,0:00:59,129.52502155303955,1920x1080
53fbafd9-cba5-4ee7-b28f-d38e2192a058.mp4,C:\discolocal\PROYECTOS\PYTHON\YouTube Upload Python\scripts\youtube_gallery_nicegui\pages\xbox_download_videos\downloaded_media4\53fbafd9-cba5-4ee7-b28f-d38e2192a058.mp4,0:00:59,136.28672122955322,1920x1080
547ae089-c5ac-4b53-8496-20a0a0b166c3.mp4,C:\discolocal\PROYECTOS\PYTHON\YouTube Upload Python\scripts\youtube_gallery_nicegui\pages\xbox_download_videos\downloaded_media3\547ae089-c5ac-4b53-8496-20a0a0b166c3.mp4,0:00:59,131.33434009552002,1920x1080
5494e1a6-eabd-415a-a9bf-bd12eb8d88c2.mp4,C:\discolocal\PROYECTOS\PYTHON\YouTube Upload Python\scripts\youtube_gallery_nicegui\pages\xbox_download_videos\downloaded_media2\5494e1a6-eabd-415a-a9bf-bd12eb8d88c2.mp4,0:00:59,147.10436820983887,1920x1080
549a3d6c-78ff-46b0-8dc4-96f31370c12a.mp4,C:\discolocal\PROYECTOS\PYTHON\YouTube Upload Python\scripts\youtube_gallery_nicegui\pages\xbox_download_videos\downloaded_media3\549a3d6c-78ff-46b0-8dc4-96f31370c12a.mp4,0:00:59,115.45589351654053,1920x1080
55c8d042-f265-4358-97e9-68fcd792aa5b.mp4,C:\discolocal\PROYECTOS\PYTHON\YouTube Upload Python\scripts\youtube_gallery_nicegui\pages\xbox_download_videos\downloaded_media4\55c8d042-f265-4358-97e9-68fcd792aa5b.mp4,0:00:59,127.52021598815918,1920x1080
59815c53-453c-4b39-b496-e7ec0ed52b38.mp4,C:\discolocal\PROYECTOS\PYTHON\YouTube Upload Python\scripts\youtube_gallery_nicegui\pages\xbox_download_videos\downloaded_media4\59815c53-453c-4b39-b496-e7ec0ed52b38.mp4,0:00:59,146.19578075408936,1920x1080
59e2c802-3f9b-45fc-ba61-6a06ec8b1e03.mp4,C:\discolocal\PROYECTOS\PYTHON\YouTube Upload Python\scripts\youtube_gallery_nicegui\pages\xbox_download_videos\downloaded_media\59e2c802-3f9b-45fc-ba61-6a06ec8b1e03.mp4,0:00:59,124.85901355743408,1920x1080
5b769cb0-2d8e-49c4-9429-ddf903837905.mp4,C:\discolocal\PROYECTOS\PYTHON\YouTube Upload Python\scripts\youtube_gallery_nicegui\pages\xbox_download_videos\downloaded_media4\5b769cb0-2d8e-49c4-9429-ddf903837905.mp4,0:00:59,136.4677391052246,1920x1080
5b7da38a-1449-46a0-a6bc-6cab79573d39.mp4,C:\discolocal\PROYECTOS\PYTHON\YouTube Upload Python\scripts\youtube_gallery_nicegui\pages\xbox_download_videos\downloaded_media2\5b7da38a-1449-46a0-a6bc-6cab79573d39.mp4,0:00:59,166.50136947631836,1920x1080
5b8b0e25-29bb-465a-99ce-067b35ba7fd6.mp4,C:\discolocal\PROYECTOS\PYTHON\YouTube Upload Python\scripts\youtube_gallery_nicegui\pages\xbox_download_videos\downloaded_media4\5b8b0e25-29bb-465a-99ce-067b35ba7fd6.mp4,0:00:59,131.33434009552002,1920x1080
5c7fcae5-ce63-4cfd-af0c-6aefb4bdb817.mp4,C:\discolocal\PROYECTOS\PYTHON\YouTube Upload Python\scripts\youtube_gallery_nicegui\pages\xbox_download_videos\downloaded_media3\5c7fcae5-ce63-4cfd-af0c-6aefb4bdb817.mp4,0:00:47,94.6591567993164,1920x1080
5e96c05c-822f-43c2-a5dd-0c0ac1830b99.mp4,C:\discolocal\PROYECTOS\PYTHON\YouTube Upload Python\scripts\youtube_gallery_nicegui\pages\xbox_download_videos\downloaded_media3\5e96c05c-822f-43c2-a5dd-0c0ac1830b99.mp4,0:00:59,125.44435596466064,1920x1080
611374bf-0e95-447b-b1f5-7d752c7b9eba.mp4,C:\discolocal\PROYECTOS\PYTHON\YouTube Upload Python\scripts\youtube_gallery_nicegui\pages\xbox_download_videos\downloaded_media3\611374bf-0e95-447b-b1f5-7d752c7b9eba.mp4,0:00:57,118.95120620727539,1920x1080
62e6b21f-ffb0-4674-bbab-9c9d664cb112.mp4,C:\discolocal\PROYECTOS\PYTHON\YouTube Upload Python\scripts\youtube_gallery_nicegui\pages\xbox_download_videos\downloaded_media4\62e6b21f-ffb0-4674-bbab-9c9d664cb112.mp4,0:00:59,128.9163112640381,1920x1080
651fc1fa-3945-427a-ac17-18573c13459d.mp4,C:\discolocal\PROYECTOS\PYTHON\YouTube Upload Python\scripts\youtube_gallery_nicegui\pages\xbox_download_videos\downloaded_media\651fc1fa-3945-427a-ac17-18573c13459d.mp4,0:00:59,125.19134998321533,1920x1080
651fc1fa-3945-427a-ac17-18573c13459d.mp4,C:\discolocal\PROYECTOS\PYTHON\YouTube Upload Python\scripts\youtube_gallery_nicegui\pages\xbox_download_videos\downloaded_media1\651fc1fa-3945-427a-ac17-18573c13459d.mp4,0:00:59,125.19134998321533,1920x1080
65f84901-b609-461f-b364-a16f7e790479.mp4,C:\discolocal\PROYECTOS\PYTHON\YouTube Upload Python\scripts\youtube_gallery_nicegui\pages\xbox_download_videos\downloaded_media4\65f84901-b609-461f-b364-a16f7e790479.mp4,0:00:59,137.39384365081787,1920x1080
664f98f9-54f1-40d2-8799-ae7060110ae0.mp4,C:\discolocal\PROYECTOS\PYTHON\YouTube Upload Python\scripts\youtube_gallery_nicegui\pages\xbox_download_videos\downloaded_media3\664f98f9-54f1-40d2-8799-ae7060110ae0.mp4,0:00:59,144.55397033691406,1920x1080
667b10e3-68f7-4704-95bf-40a16d3a78f4.mp4,C:\discolocal\PROYECTOS\PYTHON\YouTube Upload Python\scripts\youtube_gallery_nicegui\pages\xbox_download_videos\downloaded_media\667b10e3-68f7-4704-95bf-40a16d3a78f4.mp4,0:00:59,139.65778827667236,1920x1080
66ca8aa7-f39a-4181-8057-a53f4944ef10.mp4,C:\discolocal\PROYECTOS\PYTHON\YouTube Upload Python\scripts\youtube_gallery_nicegui\pages\xbox_download_videos\downloaded_media3\66ca8aa7-f39a-4181-8057-a53f4944ef10.mp4,0:00:59,125.36713409423828,1920x1080
67c3c372-bac6-4695-a36f-74010e7ecc3a.mp4,C:\discolocal\PROYECTOS\PYTHON\YouTube Upload Python\scripts\youtube_gallery_nicegui\pages\xbox_download_videos\downloaded_media4\67c3c372-bac6-4695-a36f-74010e7ecc3a.mp4,0:00:59,124.37387275695801,1920x1080
67ceb228-ebea-4568-ab2f-7ce197b066ec.mp4,C:\discolocal\PROYECTOS\PYTHON\YouTube Upload Python\scripts\youtube_gallery_nicegui\pages\xbox_download_videos\downloaded_media3\67ceb228-ebea-4568-ab2f-7ce197b066ec.mp4,0:00:59,125.93470001220703,1920x1080
68478c8b-7333-4d41-8d97-0f95bfb40f72.mp4,C:\discolocal\PROYECTOS\PYTHON\YouTube Upload Python\scripts\youtube_gallery_nicegui\pages\xbox_download_videos\downloaded_media3\68478c8b-7333-4d41-8d97-0f95bfb40f72.mp4,0:00:59,136.81944370269775,1920x1080
68f38023-7348-4bca-b8bf-f7c07a431f58.mp4,C:\discolocal\PROYECTOS\PYTHON\YouTube Upload Python\scripts\youtube_gallery_nicegui\pages\xbox_download_videos\downloaded_media4\68f38023-7348-4bca-b8bf-f7c07a431f58.mp4,0:00:59,116.01850509643555,1920x1080
6ac6a715-c2dc-4a0c-8100-aa1bfdb835c4.mp4,C:\discolocal\PROYECTOS\PYTHON\YouTube Upload Python\scripts\youtube_gallery_nicegui\pages\xbox_download_videos\downloaded_media3\6ac6a715-c2dc-4a0c-8100-aa1bfdb835c4.mp4,0:00:59,137.28559970855713,1920x1080
6bf454ac-2416-4f29-abc0-2f3e03a7fc05.mp4,C:\discolocal\PROYECTOS\PYTHON\YouTube Upload Python\scripts\youtube_gallery_nicegui\pages\xbox_download_videos\downloaded_media3\6bf454ac-2416-4f29-abc0-2f3e03a7fc05.mp4,0:00:59,130.3422498703003,1920x1080
6c482414-8bc8-43d1-85b5-d53ff361ab1f.mp4,C:\discolocal\PROYECTOS\PYTHON\YouTube Upload Python\scripts\youtube_gallery_nicegui\pages\xbox_download_videos\downloaded_media3\6c482414-8bc8-43d1-85b5-d53ff361ab1f.mp4,0:00:59,127.28146648406982,1920x1080
6d252352-398b-4407-a424-17190c5ec2bb.mp4,C:\discolocal\PROYECTOS\PYTHON\YouTube Upload Python\scripts\youtube_gallery_nicegui\pages\xbox_download_videos\downloaded_media3\6d252352-398b-4407-a424-17190c5ec2bb.mp4,0:00:59,140.2685832977295,1920x1080
6d5f696a-3e63-4404-af9d-3a70459990bd.mp4,C:\discolocal\PROYECTOS\PYTHON\YouTube Upload Python\scripts\youtube_gallery_nicegui\pages\xbox_download_videos\downloaded_media4\6d5f696a-3e63-4404-af9d-3a70459990bd.mp4,0:00:57,185.0211935043335,1920x1080
6e4ce43e-fa88-4fe3-b373-0ca9531c00e2.mp4,C:\discolocal\PROYECTOS\PYTHON\YouTube Upload Python\scripts\youtube_gallery_nicegui\pages\xbox_download_videos\downloaded_media3\6e4ce43e-fa88-4fe3-b373-0ca9531c00e2.mp4,0:00:59,124.90624523162842,1920x1080
6f56951d-607d-422d-ae7f-3c8d14673017.mp4,C:\discolocal\PROYECTOS\PYTHON\YouTube Upload Python\scripts\youtube_gallery_nicegui\pages\xbox_download_videos\downloaded_media4\6f56951d-607d-422d-ae7f-3c8d14673017.mp4,0:00:59,129.20230960845947,1920x1080
6f8a4c16-7d55-46ee-9cb5-bbbd561f3177.mp4,C:\discolocal\PROYECTOS\PYTHON\YouTube Upload Python\scripts\youtube_gallery_nicegui\pages\xbox_download_videos\downloaded_media3\6f8a4c16-7d55-46ee-9cb5-bbbd561f3177.mp4,0:00:59,127.75895023345947,1920x1080
7055c759-9d32-439b-a98a-be3d099bf52f.mp4,C:\discolocal\PROYECTOS\PYTHON\YouTube Upload Python\scripts\youtube_gallery_nicegui\pages\xbox_download_videos\downloaded_media4\7055c759-9d32-439b-a98a-be3d099bf52f.mp4,0:00:57,112.68290996551514,1920x1080
7088425a-7cbe-41ac-9c12-cbc542629b48.mp4,C:\discolocal\PROYECTOS\PYTHON\YouTube Upload Python\scripts\youtube_gallery_nicegui\pages\xbox_download_videos\downloaded_media3\7088425a-7cbe-41ac-9c12-cbc542629b48.mp4,0:01:00,144.57878971099854,1920x1080
709c8806-fd6f-4e57-a818-f8453ce02408.mp4,C:\discolocal\PROYECTOS\PYTHON\YouTube Upload Python\scripts\youtube_gallery_nicegui\pages\xbox_download_videos\downloaded_media3\709c8806-fd6f-4e57-a818-f8453ce02408.mp4,0:00:58,125.12211418151855,1920x1080
70ab5119-1d7f-42b5-b588-67c250da1b8b.mp4,C:\discolocal\PROYECTOS\PYTHON\YouTube Upload Python\scripts\youtube_gallery_nicegui\pages\xbox_download_videos\downloaded_media3\70ab5119-1d7f-42b5-b588-67c250da1b8b.mp4,0:01:00,122.78695487976074,1920x1080
7222dc39-743f-4b37-bbe9-4ea4b6f370e6.mp4,C:\discolocal\PROYECTOS\PYTHON\YouTube Upload Python\scripts\youtube_gallery_nicegui\pages\xbox_download_videos\downloaded_media4\7222dc39-743f-4b37-bbe9-4ea4b6f370e6.mp4,0:00:59,117.36293601989746,1920x1080
72d1b1f6-a633-4d87-834b-d8084c46dd90.mp4,C:\discolocal\PROYECTOS\PYTHON\YouTube Upload Python\scripts\youtube_gallery_nicegui\pages\xbox_download_videos\downloaded_media4\72d1b1f6-a633-4d87-834b-d8084c46dd90.mp4,0:00:59,137.9093723297119,1920x1080
755c015a-febd-4ae1-b16e-03e8478a7370.mp4,C:\discolocal\PROYECTOS\PYTHON\YouTube Upload Python\scripts\youtube_gallery_nicegui\pages\xbox_download_videos\downloaded_media\755c015a-febd-4ae1-b16e-03e8478a7370.mp4,0:00:59,134.54704189300537,1920x1080
75a5d2dc-ff1d-4f8a-b0ae-de9cbc49a08d.mp4,C:\discolocal\PROYECTOS\PYTHON\YouTube Upload Python\scripts\youtube_gallery_nicegui\pages\xbox_download_videos\downloaded_media3\75a5d2dc-ff1d-4f8a-b0ae-de9cbc49a08d.mp4,0:00:59,137.1700315475464,1920x1080
76e88897-8955-48b8-ba56-2d0689637ac4.mp4,C:\discolocal\PROYECTOS\PYTHON\YouTube Upload Python\scripts\youtube_gallery_nicegui\pages\xbox_download_videos\downloaded_media4\76e88897-8955-48b8-ba56-2d0689637ac4.mp4,0:00:59,141.39697933197021,1920x1080
79460f2f-8b55-4e63-86d0-5d069fb568e2.mp4,C:\discolocal\PROYECTOS\PYTHON\YouTube Upload Python\scripts\youtube_gallery_nicegui\pages\xbox_download_videos\downloaded_media4\79460f2f-8b55-4e63-86d0-5d069fb568e2.mp4,0:00:59,125.93470001220703,1920x1080
7b97bdf3-409b-4ec3-b3ed-f9cd2c3c2b4a.mp4,C:\discolocal\PROYECTOS\PYTHON\YouTube Upload Python\scripts\youtube_gallery_nicegui\pages\xbox_download_videos\downloaded_media4\7b97bdf3-409b-4ec3-b3ed-f9cd2c3c2b4a.mp4,0:00:59,130.40268325805664,1920x1080
7bcbed44-43a0-4055-92ba-d2365cf56b94.mp4,C:\discolocal\PROYECTOS\PYTHON\YouTube Upload Python\scripts\youtube_gallery_nicegui\pages\xbox_download_videos\downloaded_media4\7bcbed44-43a0-4055-92ba-d2365cf56b94.mp4,0:00:57,124.57240390777588,1920x1080
7c01ca7c-0396-47fe-8818-4a87b8425d47.mp4,C:\discolocal\PROYECTOS\PYTHON\YouTube Upload Python\scripts\youtube_gallery_nicegui\pages\xbox_download_videos\downloaded_media4\7c01ca7c-0396-47fe-8818-4a87b8425d47.mp4,0:00:59,117.77621364593506,1920x1080
7c0954bf-196c-4dab-9d85-4996e7c8a428.mp4,C:\discolocal\PROYECTOS\PYTHON\YouTube Upload Python\scripts\youtube_gallery_nicegui\pages\xbox_download_videos\downloaded_media4\7c0954bf-196c-4dab-9d85-4996e7c8a428.mp4,0:00:59,119.68132877349854,1920x1080
7c6cb2a1-cf64-4cad-9906-040e270664bd.mp4,C:\discolocal\PROYECTOS\PYTHON\YouTube Upload Python\scripts\youtube_gallery_nicegui\pages\xbox_download_videos\downloaded_media2\7c6cb2a1-cf64-4cad-9906-040e270664bd.mp4,0:00:59,133.75288105010986,1920x1080
7c93d02f-11e0-4969-add2-4ea58500c069.mp4,C:\discolocal\PROYECTOS\PYTHON\YouTube Upload Python\scripts\youtube_gallery_nicegui\pages\xbox_download_videos\downloaded_media4\7c93d02f-11e0-4969-add2-4ea58500c069.mp4,0:00:59,190.37880039215088,1920x1080
7d33c6c9-006b-42a5-a8f5-95e9abad54cc.mp4,C:\discolocal\PROYECTOS\PYTHON\YouTube Upload Python\scripts\youtube_gallery_nicegui\pages\xbox_download_videos\downloaded_media3\7d33c6c9-006b-42a5-a8f5-95e9abad54cc.mp4,0:00:59,120.77217102050781,1920x1080
7d4ab3d1-2e32-49f9-8fdd-fa2b729fec34.mp4,C:\discolocal\PROYECTOS\PYTHON\YouTube Upload Python\scripts\youtube_gallery_nicegui\pages\xbox_download_videos\downloaded_media4\7d4ab3d1-2e32-49f9-8fdd-fa2b729fec34.mp4,0:00:59,122.0994815826416,1920x1080
7d9f5821-91ba-47f5-bec1-fe0ce567e023.mp4,C:\discolocal\PROYECTOS\PYTHON\YouTube Upload Python\scripts\youtube_gallery_nicegui\pages\xbox_download_videos\downloaded_media3\7d9f5821-91ba-47f5-bec1-fe0ce567e023.mp4,0:00:59,145.45701026916504,1920x1080
7fb2efc6-a3d9-43ca-a9e7-104dd57befcb.mp4,C:\discolocal\PROYECTOS\PYTHON\YouTube Upload Python\scripts\youtube_gallery_nicegui\pages\xbox_download_videos\downloaded_media4\7fb2efc6-a3d9-43ca-a9e7-104dd57befcb.mp4,0:00:59,141.7127685546875,1920x1080
804f138e-a5fa-43b8-a1e8-18beb7f4c5ed.mp4,C:\discolocal\PROYECTOS\PYTHON\YouTube Upload Python\scripts\youtube_gallery_nicegui\pages\xbox_download_videos\downloaded_media4\804f138e-a5fa-43b8-a1e8-18beb7f4c5ed.mp4,0:00:59,129.675612449646,1920x1080
80642043-f253-4801-aefc-4a9fda45ba82.mp4,C:\discolocal\PROYECTOS\PYTHON\YouTube Upload Python\scripts\youtube_gallery_nicegui\pages\xbox_download_videos\downloaded_media2\80642043-f253-4801-aefc-4a9fda45ba82.mp4,0:00:59,168.44873428344727,1920x1080
839a04ad-b64e-4596-beea-b83e68493527.mp4,C:\discolocal\PROYECTOS\PYTHON\YouTube Upload Python\scripts\youtube_gallery_nicegui\pages\xbox_download_videos\downloaded_media4\839a04ad-b64e-4596-beea-b83e68493527.mp4,0:00:59,130.13933181762695,1920x1080
83c15fa2-4e08-4cd8-ae24-6b82a4b87d02.mp4,C:\discolocal\PROYECTOS\PYTHON\YouTube Upload Python\scripts\youtube_gallery_nicegui\pages\xbox_download_videos\downloaded_media\83c15fa2-4e08-4cd8-ae24-6b82a4b87d02.mp4,0:00:59,125.29128074645996,1920x1080
83c15fa2-4e08-4cd8-ae24-6b82a4b87d02.mp4,C:\discolocal\PROYECTOS\PYTHON\YouTube Upload Python\scripts\youtube_gallery_nicegui\pages\xbox_download_videos\downloaded_media1\83c15fa2-4e08-4cd8-ae24-6b82a4b87d02.mp4,0:00:59,125.29128074645996,1920x1080
83e87d34-84fa-4d31-96a5-2c2826df4891.mp4,C:\discolocal\PROYECTOS\PYTHON\YouTube Upload Python\scripts\youtube_gallery_nicegui\pages\xbox_download_videos\downloaded_media\83e87d34-84fa-4d31-96a5-2c2826df4891.mp4,0:00:59,128.30084323883057,1920x1080
841532ac-1845-4e84-aedd-edcd651b170d.mp4,C:\discolocal\PROYECTOS\PYTHON\YouTube Upload Python\scripts\youtube_gallery_nicegui\pages\xbox_download_videos\downloaded_media4\841532ac-1845-4e84-aedd-edcd651b170d.mp4,0:00:59,130.3422498703003,1920x1080
84b690d5-2347-45af-9114-860784e16ca4.mp4,C:\discolocal\PROYECTOS\PYTHON\YouTube Upload Python\scripts\youtube_gallery_nicegui\pages\xbox_download_videos\downloaded_media3\84b690d5-2347-45af-9114-860784e16ca4.mp4,0:00:59,132.5324354171753,1920x1080
84bdc998-716c-4a09-aeb8-56cf8cf78969.mp4,C:\discolocal\PROYECTOS\PYTHON\YouTube Upload Python\scripts\youtube_gallery_nicegui\pages\xbox_download_videos\downloaded_media\84bdc998-716c-4a09-aeb8-56cf8cf78969.mp4,0:00:59,187.9665756225586,1920x1080
84bdc998-716c-4a09-aeb8-56cf8cf78969.mp4,C:\discolocal\PROYECTOS\PYTHON\YouTube Upload Python\scripts\youtube_gallery_nicegui\pages\xbox_download_videos\downloaded_media1\84bdc998-716c-4a09-aeb8-56cf8cf78969.mp4,0:00:59,187.9665756225586,1920x1080
85950d05-91b6-4a89-b6ca-c1c07290abbb.mp4,C:\discolocal\PROYECTOS\PYTHON\YouTube Upload Python\scripts\youtube_gallery_nicegui\pages\xbox_download_videos\downloaded_media4\85950d05-91b6-4a89-b6ca-c1c07290abbb.mp4,0:00:59,146.7560510635376,1920x1080
89f85b11-03d3-43b8-a19d-7ddd46c5996e.mp4,C:\discolocal\PROYECTOS\PYTHON\YouTube Upload Python\scripts\youtube_gallery_nicegui\pages\xbox_download_videos\downloaded_media3\89f85b11-03d3-43b8-a19d-7ddd46c5996e.mp4,0:01:00,123.1165018081665,1920x1080
8bc049f8-538c-4c0b-8364-769c50a517ed.mp4,C:\discolocal\PROYECTOS\PYTHON\YouTube Upload Python\scripts\youtube_gallery_nicegui\pages\xbox_download_videos\downloaded_media4\8bc049f8-538c-4c0b-8364-769c50a517ed.mp4,0:00:59,127.11587524414062,1920x1080
8d91e560-bbae-4f22-bbaf-c11d496ded63.mp4,C:\discolocal\PROYECTOS\PYTHON\YouTube Upload Python\scripts\youtube_gallery_nicegui\pages\xbox_download_videos\downloaded_media2\8d91e560-bbae-4f22-bbaf-c11d496ded63.mp4,0:00:59,167.3014030456543,1920x1080
8d9d8df5-16d3-4e18-b76a-7f8c62965bbf.mp4,C:\discolocal\PROYECTOS\PYTHON\YouTube Upload Python\scripts\youtube_gallery_nicegui\pages\xbox_download_videos\downloaded_media2\8d9d8df5-16d3-4e18-b76a-7f8c62965bbf.mp4,0:00:59,126.4101972579956,1920x1080
8f02cea3-2358-4562-bce8-38d30fe6acfa.mp4,C:\discolocal\PROYECTOS\PYTHON\YouTube Upload Python\scripts\youtube_gallery_nicegui\pages\xbox_download_videos\downloaded_media4\8f02cea3-2358-4562-bce8-38d30fe6acfa.mp4,0:00:59,144.59873962402344,1920x1080
92400d8a-adb6-4d42-80cf-4ddaca32e34c.mp4,C:\discolocal\PROYECTOS\PYTHON\YouTube Upload Python\scripts\youtube_gallery_nicegui\pages\xbox_download_videos\downloaded_media4\92400d8a-adb6-4d42-80cf-4ddaca32e34c.mp4,0:00:59,132.0921754837036,1920x1080
9251f6c6-2bf4-4a57-871d-97ad56a3781f.mp4,C:\discolocal\PROYECTOS\PYTHON\YouTube Upload Python\scripts\youtube_gallery_nicegui\pages\xbox_download_videos\downloaded_media\9251f6c6-2bf4-4a57-871d-97ad56a3781f.mp4,0:00:59,120.51491069793701,1920x1080
9297c6ae-2de5-4464-993a-ffa4a3a5d69a.mp4,C:\discolocal\PROYECTOS\PYTHON\YouTube Upload Python\scripts\youtube_gallery_nicegui\pages\xbox_download_videos\downloaded_media4\9297c6ae-2de5-4464-993a-ffa4a3a5d69a.mp4,0:00:59,132.5324354171753,1920x1080
935e3138-0517-4bf1-938c-eb6d4a5e712f.mp4,C:\discolocal\PROYECTOS\PYTHON\YouTube Upload Python\scripts\youtube_gallery_nicegui\pages\xbox_download_videos\downloaded_media\935e3138-0517-4bf1-938c-eb6d4a5e712f.mp4,0:00:59,130.02202224731445,1920x1080
94379a68-c869-4173-b6b8-a0414cdb390e.mp4,C:\discolocal\PROYECTOS\PYTHON\YouTube Upload Python\scripts\youtube_gallery_nicegui\pages\xbox_download_videos\downloaded_media4\94379a68-c869-4173-b6b8-a0414cdb390e.mp4,0:00:55,119.53517627716064,1920x1080
96ab491b-9afb-4d85-8149-d53ae2212707.mp4,C:\discolocal\PROYECTOS\PYTHON\YouTube Upload Python\scripts\youtube_gallery_nicegui\pages\xbox_download_videos\downloaded_media2\96ab491b-9afb-4d85-8149-d53ae2212707.mp4,0:00:59,166.92401885986328,1920x1080
9b0969a0-631b-48ed-b98d-22d3cac7df65.mp4,C:\discolocal\PROYECTOS\PYTHON\YouTube Upload Python\scripts\youtube_gallery_nicegui\pages\xbox_download_videos\downloaded_media2\9b0969a0-631b-48ed-b98d-22d3cac7df65.mp4,0:00:59,140.71614933013916,1920x1080
9b4f8417-142a-4921-b97a-f037681ea02e.mp4,C:\discolocal\PROYECTOS\PYTHON\YouTube Upload Python\scripts\youtube_gallery_nicegui\pages\xbox_download_videos\downloaded_media3\9b4f8417-142a-4921-b97a-f037681ea02e.mp4,0:00:59,111.0445909500122,1920x1080
9ca0a1b1-0dd8-45af-99b8-31503d059173.mp4,C:\discolocal\PROYECTOS\PYTHON\YouTube Upload Python\scripts\youtube_gallery_nicegui\pages\xbox_download_videos\downloaded_media4\9ca0a1b1-0dd8-45af-99b8-31503d059173.mp4,0:00:59,115.67262172698975,1920x1080
9cd88380-0220-42df-8caf-ad0d5206b1b3.mp4,C:\discolocal\PROYECTOS\PYTHON\YouTube Upload Python\scripts\youtube_gallery_nicegui\pages\xbox_download_videos\downloaded_media4\9cd88380-0220-42df-8caf-ad0d5206b1b3.mp4,0:00:59,132.3951005935669,1920x1080
9e1f771c-689c-4b8d-85b0-9d81f3fc16c1.mp4,C:\discolocal\PROYECTOS\PYTHON\YouTube Upload Python\scripts\youtube_gallery_nicegui\pages\xbox_download_videos\downloaded_media4\9e1f771c-689c-4b8d-85b0-9d81f3fc16c1.mp4,0:00:59,179.7542600631714,1920x1080
9f0d2e9b-1ff4-4d68-a051-9ef09431affe.mp4,C:\discolocal\PROYECTOS\PYTHON\YouTube Upload Python\scripts\youtube_gallery_nicegui\pages\xbox_download_videos\downloaded_media4\9f0d2e9b-1ff4-4d68-a051-9ef09431affe.mp4,0:00:50,107.97884559631348,1920x1080
a1515236-9be1-4d77-a8b4-d3580ec16fdb.mp4,C:\discolocal\PROYECTOS\PYTHON\YouTube Upload Python\scripts\youtube_gallery_nicegui\pages\xbox_download_videos\downloaded_media2\a1515236-9be1-4d77-a8b4-d3580ec16fdb.mp4,0:00:56,143.16263484954834,1920x1080
a199c40e-ecf2-4e3e-b37e-52c47117a1f1.mp4,C:\discolocal\PROYECTOS\PYTHON\YouTube Upload Python\scripts\youtube_gallery_nicegui\pages\xbox_download_videos\downloaded_media4\a199c40e-ecf2-4e3e-b37e-52c47117a1f1.mp4,0:00:59,111.0445909500122,1920x1080
a2c3d30d-c145-4bd3-90bb-eafb7bd6de12.mp4,C:\discolocal\PROYECTOS\PYTHON\YouTube Upload Python\scripts\youtube_gallery_nicegui\pages\xbox_download_videos\downloaded_media4\a2c3d30d-c145-4bd3-90bb-eafb7bd6de12.mp4,0:00:59,146.98078632354736,1920x1080
a49f1c87-4957-4182-bb9a-d10bb983e1d0.mp4,C:\discolocal\PROYECTOS\PYTHON\YouTube Upload Python\scripts\youtube_gallery_nicegui\pages\xbox_download_videos\downloaded_media3\a49f1c87-4957-4182-bb9a-d10bb983e1d0.mp4,0:00:59,131.66491985321045,1920x1080
a4fdcd46-dd7e-4308-ae8b-4d89a5f939c6.mp4,C:\discolocal\PROYECTOS\PYTHON\YouTube Upload Python\scripts\youtube_gallery_nicegui\pages\xbox_download_videos\downloaded_media\a4fdcd46-dd7e-4308-ae8b-4d89a5f939c6.mp4,0:00:59,136.61410903930664,1920x1080
a5478d64-54ad-4f1f-bc16-d81e286aa73f.mp4,C:\discolocal\PROYECTOS\PYTHON\YouTube Upload Python\scripts\youtube_gallery_nicegui\pages\xbox_download_videos\downloaded_media4\a5478d64-54ad-4f1f-bc16-d81e286aa73f.mp4,0:00:59,129.4710865020752,1920x1080
a564d6b0-02b1-4f97-8400-dce706afe386.mp4,C:\discolocal\PROYECTOS\PYTHON\YouTube Upload Python\scripts\youtube_gallery_nicegui\pages\xbox_download_videos\downloaded_media3\a564d6b0-02b1-4f97-8400-dce706afe386.mp4,0:00:59,128.70642185211182,1920x1080
a7aba241-e6a3-49e1-916f-6d8669a59748.mp4,C:\discolocal\PROYECTOS\PYTHON\YouTube Upload Python\scripts\youtube_gallery_nicegui\pages\xbox_download_videos\downloaded_media4\a7aba241-e6a3-49e1-916f-6d8669a59748.mp4,0:00:59,127.75895023345947,1920x1080
a818a5e3-0a8c-489b-a7e2-91cbc40517c8.mp4,C:\discolocal\PROYECTOS\PYTHON\YouTube Upload Python\scripts\youtube_gallery_nicegui\pages\xbox_download_videos\downloaded_media3\a818a5e3-0a8c-489b-a7e2-91cbc40517c8.mp4,0:00:59,123.83242702484131,1920x1080
aaaf6fc7-567b-44e2-8192-33dba8df888f.mp4,C:\discolocal\PROYECTOS\PYTHON\YouTube Upload Python\scripts\youtube_gallery_nicegui\pages\xbox_download_videos\downloaded_media2\aaaf6fc7-567b-44e2-8192-33dba8df888f.mp4,0:00:59,129.3377332687378,1920x1080
ac288b9b-6069-4b04-95da-2177bc93d46e.mp4,C:\discolocal\PROYECTOS\PYTHON\YouTube Upload Python\scripts\youtube_gallery_nicegui\pages\xbox_download_videos\downloaded_media2\ac288b9b-6069-4b04-95da-2177bc93d46e.mp4,0:00:59,140.74802207946777,1920x1080
b06eb313-f35f-4a98-bba5-dd0498043260.mp4,C:\discolocal\PROYECTOS\PYTHON\YouTube Upload Python\scripts\youtube_gallery_nicegui\pages\xbox_download_videos\downloaded_media3\b06eb313-f35f-4a98-bba5-dd0498043260.mp4,0:00:57,130.02733993530273,1920x1080
b0e86fd7-98f3-4f97-98c1-8a241c52519d.mp4,C:\discolocal\PROYECTOS\PYTHON\YouTube Upload Python\scripts\youtube_gallery_nicegui\pages\xbox_download_videos\downloaded_media3\b0e86fd7-98f3-4f97-98c1-8a241c52519d.mp4,0:00:59,155.98771953582764,1920x1080
b10a5094-8193-42c7-aae0-7b542c94bbcd.mp4,C:\discolocal\PROYECTOS\PYTHON\YouTube Upload Python\scripts\youtube_gallery_nicegui\pages\xbox_download_videos\downloaded_media2\b10a5094-8193-42c7-aae0-7b542c94bbcd.mp4,0:00:59,119.12793731689453,1920x1080
b1769b5e-ca47-45f5-9d3c-e8552160582d.mp4,C:\discolocal\PROYECTOS\PYTHON\YouTube Upload Python\scripts\youtube_gallery_nicegui\pages\xbox_download_videos\downloaded_media4\b1769b5e-ca47-45f5-9d3c-e8552160582d.mp4,0:00:59,134.32103824615479,1920x1080
b32e2770-470a-4d12-b35a-4d85dad88e4c.mp4,C:\discolocal\PROYECTOS\PYTHON\YouTube Upload Python\scripts\youtube_gallery_nicegui\pages\xbox_download_videos\downloaded_media4\b32e2770-470a-4d12-b35a-4d85dad88e4c.mp4,0:00:59,125.79841232299805,1920x1080
b34de50f-c660-4ed5-9a72-d3e48a9b4763.mp4,C:\discolocal\PROYECTOS\PYTHON\YouTube Upload Python\scripts\youtube_gallery_nicegui\pages\xbox_download_videos\downloaded_media3\b34de50f-c660-4ed5-9a72-d3e48a9b4763.mp4,0:00:59,146.7560510635376,1920x1080
b36c4835-67d0-4d70-bf09-59d83a48fe07.mp4,C:\discolocal\PROYECTOS\PYTHON\YouTube Upload Python\scripts\youtube_gallery_nicegui\pages\xbox_download_videos\downloaded_media4\b36c4835-67d0-4d70-bf09-59d83a48fe07.mp4,0:00:59,125.37877368927002,1920x1080
b3c20e3e-3e60-4243-9ed3-06851c1e2b25.mp4,C:\discolocal\PROYECTOS\PYTHON\YouTube Upload Python\scripts\youtube_gallery_nicegui\pages\xbox_download_videos\downloaded_media3\b3c20e3e-3e60-4243-9ed3-06851c1e2b25.mp4,0:00:59,116.01850509643555,1920x1080
b3fa7881-4f30-417f-91e9-747d28106591.mp4,C:\discolocal\PROYECTOS\PYTHON\YouTube Upload Python\scripts\youtube_gallery_nicegui\pages\xbox_download_videos\downloaded_media4\b3fa7881-4f30-417f-91e9-747d28106591.mp4,0:00:59,138.62391662597656,1920x1080
b593a2e9-6a51-46be-b2da-8eff211b3224.mp4,C:\discolocal\PROYECTOS\PYTHON\YouTube Upload Python\scripts\youtube_gallery_nicegui\pages\xbox_download_videos\downloaded_media4\b593a2e9-6a51-46be-b2da-8eff211b3224.mp4,0:00:59,137.1700315475464,1920x1080
b5bfb90b-b039-4291-8167-41aba12c33bd.mp4,C:\discolocal\PROYECTOS\PYTHON\YouTube Upload Python\scripts\youtube_gallery_nicegui\pages\xbox_download_videos\downloaded_media4\b5bfb90b-b039-4291-8167-41aba12c33bd.mp4,0:00:59,127.64927768707275,1920x1080
b5df13d3-44be-4d3e-9316-11f399669578.mp4,C:\discolocal\PROYECTOS\PYTHON\YouTube Upload Python\scripts\youtube_gallery_nicegui\pages\xbox_download_videos\downloaded_media4\b5df13d3-44be-4d3e-9316-11f399669578.mp4,0:01:00,146.40782165527344,1920x1080
b74a29d0-4166-425f-aff5-9349c895f1dd.mp4,C:\discolocal\PROYECTOS\PYTHON\YouTube Upload Python\scripts\youtube_gallery_nicegui\pages\xbox_download_videos\downloaded_media2\b74a29d0-4166-425f-aff5-9349c895f1dd.mp4,0:00:59,129.67229461669922,1920x1080
b77308a2-72ef-49e8-9811-08cf31ec0fa4.mp4,C:\discolocal\PROYECTOS\PYTHON\YouTube Upload Python\scripts\youtube_gallery_nicegui\pages\xbox_download_videos\downloaded_media4\b77308a2-72ef-49e8-9811-08cf31ec0fa4.mp4,0:00:44,90.03734874725342,1920x1080
b8022f19-6746-4371-b828-f3a61caab9b9.mp4,C:\discolocal\PROYECTOS\PYTHON\YouTube Upload Python\scripts\youtube_gallery_nicegui\pages\xbox_download_videos\downloaded_media2\b8022f19-6746-4371-b828-f3a61caab9b9.mp4,0:00:59,149.46215724945068,1920x1080
b9fd85ff-9807-4f75-a0c8-d42471931f71.mp4,C:\discolocal\PROYECTOS\PYTHON\YouTube Upload Python\scripts\youtube_gallery_nicegui\pages\xbox_download_videos\downloaded_media3\b9fd85ff-9807-4f75-a0c8-d42471931f71.mp4,0:00:59,126.13346672058105,1920x1080
bb439d6e-ab39-46b7-bddc-262781ee1ace.mp4,C:\discolocal\PROYECTOS\PYTHON\YouTube Upload Python\scripts\youtube_gallery_nicegui\pages\xbox_download_videos\downloaded_media3\bb439d6e-ab39-46b7-bddc-262781ee1ace.mp4,0:00:59,147.8929328918457,1920x1080
bbc44057-ae71-4c5f-8897-04b3ffa2f435.mp4,C:\discolocal\PROYECTOS\PYTHON\YouTube Upload Python\scripts\youtube_gallery_nicegui\pages\xbox_download_videos\downloaded_media3\bbc44057-ae71-4c5f-8897-04b3ffa2f435.mp4,0:00:59,138.21171283721924,1920x1080
bf97d7fd-8be5-4766-808d-a2b25b9819d1.mp4,C:\discolocal\PROYECTOS\PYTHON\YouTube Upload Python\scripts\youtube_gallery_nicegui\pages\xbox_download_videos\downloaded_media2\bf97d7fd-8be5-4766-808d-a2b25b9819d1.mp4,0:00:59,126.25268936157227,1920x1080
bfe960bb-dd17-4263-a5cf-1fb6249f6fe7.mp4,C:\discolocal\PROYECTOS\PYTHON\YouTube Upload Python\scripts\youtube_gallery_nicegui\pages\xbox_download_videos\downloaded_media4\bfe960bb-dd17-4263-a5cf-1fb6249f6fe7.mp4,0:00:59,126.12374687194824,1920x1080
bff5915a-1b91-4a3b-9b94-ec30b9d22434.mp4,C:\discolocal\PROYECTOS\PYTHON\YouTube Upload Python\scripts\youtube_gallery_nicegui\pages\xbox_download_videos\downloaded_media3\bff5915a-1b91-4a3b-9b94-ec30b9d22434.mp4,0:00:59,122.17847728729248,1920x1080
c16720f1-a6fb-4d54-8526-e351af64835e.mp4,C:\discolocal\PROYECTOS\PYTHON\YouTube Upload Python\scripts\youtube_gallery_nicegui\pages\xbox_download_videos\downloaded_media4\c16720f1-a6fb-4d54-8526-e351af64835e.mp4,0:00:59,147.8929328918457,1920x1080
c18b8921-4d5c-4c04-bc3d-954bfc9c7b59.mp4,C:\discolocal\PROYECTOS\PYTHON\YouTube Upload Python\scripts\youtube_gallery_nicegui\pages\xbox_download_videos\downloaded_media4\c18b8921-4d5c-4c04-bc3d-954bfc9c7b59.mp4,0:00:59,133.8214054107666,1920x1080
c1aa06ea-9323-4c02-9de0-3bff2045bd86.mp4,C:\discolocal\PROYECTOS\PYTHON\YouTube Upload Python\scripts\youtube_gallery_nicegui\pages\xbox_download_videos\downloaded_media\c1aa06ea-9323-4c02-9de0-3bff2045bd86.mp4,0:00:59,121.14146900177002,1920x1080
c2d80929-e9b7-40a3-af02-b7da7241b0b9.mp4,C:\discolocal\PROYECTOS\PYTHON\YouTube Upload Python\scripts\youtube_gallery_nicegui\pages\xbox_download_videos\downloaded_media2\c2d80929-e9b7-40a3-af02-b7da7241b0b9.mp4,0:00:59,130.0226001739502,1920x1080
c4d74521-d180-4788-8cbc-0273ca045133.mp4,C:\discolocal\PROYECTOS\PYTHON\YouTube Upload Python\scripts\youtube_gallery_nicegui\pages\xbox_download_videos\downloaded_media\c4d74521-d180-4788-8cbc-0273ca045133.mp4,0:00:59,153.87923622131348,1920x1080
c5331c0e-c18b-4b76-893c-452b3b2f2e7d.mp4,C:\discolocal\PROYECTOS\PYTHON\YouTube Upload Python\scripts\youtube_gallery_nicegui\pages\xbox_download_videos\downloaded_media4\c5331c0e-c18b-4b76-893c-452b3b2f2e7d.mp4,0:00:59,141.71236419677734,1920x1080
c6173845-a774-45f3-9678-d0251c5a781a.mp4,C:\discolocal\PROYECTOS\PYTHON\YouTube Upload Python\scripts\youtube_gallery_nicegui\pages\xbox_download_videos\downloaded_media4\c6173845-a774-45f3-9678-d0251c5a781a.mp4,0:00:59,118.6209945678711,1920x1080
c6252324-f35b-4815-9775-d1a681c63da0.mp4,C:\discolocal\PROYECTOS\PYTHON\YouTube Upload Python\scripts\youtube_gallery_nicegui\pages\xbox_download_videos\downloaded_media4\c6252324-f35b-4815-9775-d1a681c63da0.mp4,0:01:00,128.88862133026123,1920x1080
c7622e42-91fa-4d77-8d00-d207f7558ff0.mp4,C:\discolocal\PROYECTOS\PYTHON\YouTube Upload Python\scripts\youtube_gallery_nicegui\pages\xbox_download_videos\downloaded_media4\c7622e42-91fa-4d77-8d00-d207f7558ff0.mp4,0:00:59,132.74450969696045,1920x1080
ca644553-dd08-4d08-b616-cceec6bd2962.mp4,C:\discolocal\PROYECTOS\PYTHON\YouTube Upload Python\scripts\youtube_gallery_nicegui\pages\xbox_download_videos\downloaded_media4\ca644553-dd08-4d08-b616-cceec6bd2962.mp4,0:00:59,127.28146648406982,1920x1080
cb471123-3927-42ab-a73e-b502307013a1.mp4,C:\discolocal\PROYECTOS\PYTHON\YouTube Upload Python\scripts\youtube_gallery_nicegui\pages\xbox_download_videos\downloaded_media\cb471123-3927-42ab-a73e-b502307013a1.mp4,0:00:59,117.44805335998535,1920x1080
ce2ee4f1-7be8-49e1-b3ea-e62730bb727e.mp4,C:\discolocal\PROYECTOS\PYTHON\YouTube Upload Python\scripts\youtube_gallery_nicegui\pages\xbox_download_videos\downloaded_media4\ce2ee4f1-7be8-49e1-b3ea-e62730bb727e.mp4,0:01:00,124.33800506591797,1920x1080
ce79b6df-50bf-4f55-afc5-3c8c234437ff.mp4,C:\discolocal\PROYECTOS\PYTHON\YouTube Upload Python\scripts\youtube_gallery_nicegui\pages\xbox_download_videos\downloaded_media4\ce79b6df-50bf-4f55-afc5-3c8c234437ff.mp4,0:00:59,141.39494037628174,1920x1080
cea9d18d-1ff3-4300-827c-d4b6646ba501.mp4,C:\discolocal\PROYECTOS\PYTHON\YouTube Upload Python\scripts\youtube_gallery_nicegui\pages\xbox_download_videos\downloaded_media4\cea9d18d-1ff3-4300-827c-d4b6646ba501.mp4,0:00:59,133.15761280059814,1920x1080
cfe98a84-8ced-42bf-82ad-928e22ef5cec.mp4,C:\discolocal\PROYECTOS\PYTHON\YouTube Upload Python\scripts\youtube_gallery_nicegui\pages\xbox_download_videos\downloaded_media4\cfe98a84-8ced-42bf-82ad-928e22ef5cec.mp4,0:00:59,194.30701541900635,1920x1080
d1bee974-4a25-4848-bb77-0ef1e151a966.mp4,C:\discolocal\PROYECTOS\PYTHON\YouTube Upload Python\scripts\youtube_gallery_nicegui\pages\xbox_download_videos\downloaded_media3\d1bee974-4a25-4848-bb77-0ef1e151a966.mp4,0:00:59,140.36476135253906,1920x1080
d69a5f13-43e3-481b-be51-51b158ecebcd.mp4,C:\discolocal\PROYECTOS\PYTHON\YouTube Upload Python\scripts\youtube_gallery_nicegui\pages\xbox_download_videos\downloaded_media4\d69a5f13-43e3-481b-be51-51b158ecebcd.mp4,0:00:44,86.6089916229248,1920x1080
d6dafc25-6e56-4b9b-98fa-ccfd16c22fec.mp4,C:\discolocal\PROYECTOS\PYTHON\YouTube Upload Python\scripts\youtube_gallery_nicegui\pages\xbox_download_videos\downloaded_media3\d6dafc25-6e56-4b9b-98fa-ccfd16c22fec.mp4,0:00:59,135.6300983428955,1920x1080
d7792273-2d31-4acf-9717-36aca8dfa8f8.mp4,C:\discolocal\PROYECTOS\PYTHON\YouTube Upload Python\scripts\youtube_gallery_nicegui\pages\xbox_download_videos\downloaded_media2\d7792273-2d31-4acf-9717-36aca8dfa8f8.mp4,0:00:59,126.86797332763672,1920x1080
d8cfc05f-513e-4c9d-8229-c25001fdc8ab.mp4,C:\discolocal\PROYECTOS\PYTHON\YouTube Upload Python\scripts\youtube_gallery_nicegui\pages\xbox_download_videos\downloaded_media3\d8cfc05f-513e-4c9d-8229-c25001fdc8ab.mp4,0:00:59,123.33711433410645,1920x1080
d9972e79-3706-452d-a7db-ef787ff20acf.mp4,C:\discolocal\PROYECTOS\PYTHON\YouTube Upload Python\scripts\youtube_gallery_nicegui\pages\xbox_download_videos\downloaded_media3\d9972e79-3706-452d-a7db-ef787ff20acf.mp4,0:00:59,127.64927768707275,1920x1080
db2d49a6-0645-42a9-a594-68a1baee72ad.mp4,C:\discolocal\PROYECTOS\PYTHON\YouTube Upload Python\scripts\youtube_gallery_nicegui\pages\xbox_download_videos\downloaded_media2\db2d49a6-0645-42a9-a594-68a1baee72ad.mp4,0:00:59,171.5909776687622,1920x1080
dbc51a5c-e8a8-4b0b-a4d3-12f997e12754.mp4,C:\discolocal\PROYECTOS\PYTHON\YouTube Upload Python\scripts\youtube_gallery_nicegui\pages\xbox_download_videos\downloaded_media2\dbc51a5c-e8a8-4b0b-a4d3-12f997e12754.mp4,0:00:59,132.22483730316162,1920x1080
dc77f8fd-19d8-482c-ad5a-b028db405f97.mp4,C:\discolocal\PROYECTOS\PYTHON\YouTube Upload Python\scripts\youtube_gallery_nicegui\pages\xbox_download_videos\downloaded_media\dc77f8fd-19d8-482c-ad5a-b028db405f97.mp4,0:00:59,143.8909683227539,1920x1080
dc77f8fd-19d8-482c-ad5a-b028db405f97.mp4,C:\discolocal\PROYECTOS\PYTHON\YouTube Upload Python\scripts\youtube_gallery_nicegui\pages\xbox_download_videos\downloaded_media1\dc77f8fd-19d8-482c-ad5a-b028db405f97.mp4,0:00:59,143.8909683227539,1920x1080
dd87ac61-84a0-4dd6-8d3f-f52e317b5d8c.mp4,C:\discolocal\PROYECTOS\PYTHON\YouTube Upload Python\scripts\youtube_gallery_nicegui\pages\xbox_download_videos\downloaded_media4\dd87ac61-84a0-4dd6-8d3f-f52e317b5d8c.mp4,0:00:59,140.4996690750122,1920x1080
ddf28d73-cc0d-4945-9d21-0ab7ad073a1a.mp4,C:\discolocal\PROYECTOS\PYTHON\YouTube Upload Python\scripts\youtube_gallery_nicegui\pages\xbox_download_videos\downloaded_media4\ddf28d73-cc0d-4945-9d21-0ab7ad073a1a.mp4,0:00:59,145.45701026916504,1920x1080
df18c028-92a5-4c38-8561-592f91a45b2f.mp4,C:\discolocal\PROYECTOS\PYTHON\YouTube Upload Python\scripts\youtube_gallery_nicegui\pages\xbox_download_videos\downloaded_media2\df18c028-92a5-4c38-8561-592f91a45b2f.mp4,0:00:59,148.47286987304688,1920x1080
df2b9bc5-2391-4932-bbc3-efa46ec049f6.mp4,C:\discolocal\PROYECTOS\PYTHON\YouTube Upload Python\scripts\youtube_gallery_nicegui\pages\xbox_download_videos\downloaded_media4\df2b9bc5-2391-4932-bbc3-efa46ec049f6.mp4,0:00:59,119.92300701141357,1920x1080
dfb4bb72-2135-4714-bdbb-2fa666ad9205.mp4,C:\discolocal\PROYECTOS\PYTHON\YouTube Upload Python\scripts\youtube_gallery_nicegui\pages\xbox_download_videos\downloaded_media4\dfb4bb72-2135-4714-bdbb-2fa666ad9205.mp4,0:00:59,130.07937335968018,1920x1080
dff5e183-a8c8-4668-8bbe-584612c2ed5f.mp4,C:\discolocal\PROYECTOS\PYTHON\YouTube Upload Python\scripts\youtube_gallery_nicegui\pages\xbox_download_videos\downloaded_media4\dff5e183-a8c8-4668-8bbe-584612c2ed5f.mp4,0:00:57,119.65025520324707,1920x1080
e0d2ea89-2d03-47de-9249-7848d0b5638b.mp4,C:\discolocal\PROYECTOS\PYTHON\YouTube Upload Python\scripts\youtube_gallery_nicegui\pages\xbox_download_videos\downloaded_media2\e0d2ea89-2d03-47de-9249-7848d0b5638b.mp4,0:00:59,124.71714115142822,1920x1080
e3b9493f-b4b7-47f6-95c8-bd6fbe0caf0d.mp4,C:\discolocal\PROYECTOS\PYTHON\YouTube Upload Python\scripts\youtube_gallery_nicegui\pages\xbox_download_videos\downloaded_media2\e3b9493f-b4b7-47f6-95c8-bd6fbe0caf0d.mp4,0:00:59,139.53955554962158,1920x1080
e496e186-f119-4a2c-9e2b-d6e08ed5aebe.mp4,C:\discolocal\PROYECTOS\PYTHON\YouTube Upload Python\scripts\youtube_gallery_nicegui\pages\xbox_download_videos\downloaded_media4\e496e186-f119-4a2c-9e2b-d6e08ed5aebe.mp4,0:00:59,118.69796943664551,1920x1080
e6a686c4-2fcf-4706-92cb-7307d8c9caeb.mp4,C:\discolocal\PROYECTOS\PYTHON\YouTube Upload Python\scripts\youtube_gallery_nicegui\pages\xbox_download_videos\downloaded_media\e6a686c4-2fcf-4706-92cb-7307d8c9caeb.mp4,0:00:59,139.97223567962646,1920x1080
e6c26e06-b8f9-4b45-a21b-5090e403bee3.mp4,C:\discolocal\PROYECTOS\PYTHON\YouTube Upload Python\scripts\youtube_gallery_nicegui\pages\xbox_download_videos\downloaded_media3\e6c26e06-b8f9-4b45-a21b-5090e403bee3.mp4,0:00:59,124.37387275695801,1920x1080
e766e6a1-151f-4c10-9088-2007807fc013.mp4,C:\discolocal\PROYECTOS\PYTHON\YouTube Upload Python\scripts\youtube_gallery_nicegui\pages\xbox_download_videos\downloaded_media4\e766e6a1-151f-4c10-9088-2007807fc013.mp4,0:00:59,122.73360824584961,1920x1080
e779804b-1ebc-45e2-be8b-ada026d1cdff.mp4,C:\discolocal\PROYECTOS\PYTHON\YouTube Upload Python\scripts\youtube_gallery_nicegui\pages\xbox_download_videos\downloaded_media3\e779804b-1ebc-45e2-be8b-ada026d1cdff.mp4,0:00:59,129.675612449646,1920x1080
e820751d-010b-4354-bdde-139ae5a4ea5e.mp4,C:\discolocal\PROYECTOS\PYTHON\YouTube Upload Python\scripts\youtube_gallery_nicegui\pages\xbox_download_videos\downloaded_media2\e820751d-010b-4354-bdde-139ae5a4ea5e.mp4,0:00:59,148.98310661315918,1920x1080
e93a10b6-c7a3-4dcd-8990-729deda070db.mp4,C:\discolocal\PROYECTOS\PYTHON\YouTube Upload Python\scripts\youtube_gallery_nicegui\pages\xbox_download_videos\downloaded_media4\e93a10b6-c7a3-4dcd-8990-729deda070db.mp4,0:00:59,129.52502155303955,1920x1080
eb3d1002-d087-4633-86c1-f8700c317505.mp4,C:\discolocal\PROYECTOS\PYTHON\YouTube Upload Python\scripts\youtube_gallery_nicegui\pages\xbox_download_videos\downloaded_media4\eb3d1002-d087-4633-86c1-f8700c317505.mp4,0:00:59,131.66491985321045,1920x1080
eb67890b-d008-467b-994c-45ee0ef211bb.mp4,C:\discolocal\PROYECTOS\PYTHON\YouTube Upload Python\scripts\youtube_gallery_nicegui\pages\xbox_download_videos\downloaded_media4\eb67890b-d008-467b-994c-45ee0ef211bb.mp4,0:00:59,125.85876655578613,1920x1080
eb72b847-2bcb-407b-b21d-226eeda5bf56.mp4,C:\discolocal\PROYECTOS\PYTHON\YouTube Upload Python\scripts\youtube_gallery_nicegui\pages\xbox_download_videos\downloaded_media4\eb72b847-2bcb-407b-b21d-226eeda5bf56.mp4,0:00:59,131.70187950134277,1920x1080
eb7411fe-2b9e-435a-8fd8-d61490635994.mp4,C:\discolocal\PROYECTOS\PYTHON\YouTube Upload Python\scripts\youtube_gallery_nicegui\pages\xbox_download_videos\downloaded_media2\eb7411fe-2b9e-435a-8fd8-d61490635994.mp4,0:00:59,136.79786109924316,1920x1080
ec5f7944-996b-49fc-b738-fa32652870be.mp4,C:\discolocal\PROYECTOS\PYTHON\YouTube Upload Python\scripts\youtube_gallery_nicegui\pages\xbox_download_videos\downloaded_media4\ec5f7944-996b-49fc-b738-fa32652870be.mp4,0:00:59,161.73121547698975,1920x1080
eda683a1-fc60-44c3-b1e2-40570e6459b1.mp4,C:\discolocal\PROYECTOS\PYTHON\YouTube Upload Python\scripts\youtube_gallery_nicegui\pages\xbox_download_videos\downloaded_media4\eda683a1-fc60-44c3-b1e2-40570e6459b1.mp4,0:00:59,137.28559970855713,1920x1080
f2816a08-c448-4598-9b9f-d16057899bd7.mp4,C:\discolocal\PROYECTOS\PYTHON\YouTube Upload Python\scripts\youtube_gallery_nicegui\pages\xbox_download_videos\downloaded_media3\f2816a08-c448-4598-9b9f-d16057899bd7.mp4,0:00:59,126.60057926177979,1920x1080
f374e52f-72f0-45ae-ae39-124d5c1196f4.mp4,C:\discolocal\PROYECTOS\PYTHON\YouTube Upload Python\scripts\youtube_gallery_nicegui\pages\xbox_download_videos\downloaded_media4\f374e52f-72f0-45ae-ae39-124d5c1196f4.mp4,0:00:59,116.96869564056396,1920x1080
f3d27bda-80ba-4a51-a01f-77a389a3024b.mp4,C:\discolocal\PROYECTOS\PYTHON\YouTube Upload Python\scripts\youtube_gallery_nicegui\pages\xbox_download_videos\downloaded_media3\f3d27bda-80ba-4a51-a01f-77a389a3024b.mp4,0:00:59,154.62218379974365,1920x1080
f4f41b8b-47db-41ba-a9c6-a0208ceb5775.mp4,C:\discolocal\PROYECTOS\PYTHON\YouTube Upload Python\scripts\youtube_gallery_nicegui\pages\xbox_download_videos\downloaded_media\f4f41b8b-47db-41ba-a9c6-a0208ceb5775.mp4,0:00:59,127.70584869384766,1920x1080
f53f74ac-0e7f-403d-aa34-01b9300ed2b9.mp4,C:\discolocal\PROYECTOS\PYTHON\YouTube Upload Python\scripts\youtube_gallery_nicegui\pages\xbox_download_videos\downloaded_media4\f53f74ac-0e7f-403d-aa34-01b9300ed2b9.mp4,0:00:58,124.89443683624268,1920x1080
f5568059-e0e9-4081-822f-72ef460efb06.mp4,C:\discolocal\PROYECTOS\PYTHON\YouTube Upload Python\scripts\youtube_gallery_nicegui\pages\xbox_download_videos\downloaded_media3\f5568059-e0e9-4081-822f-72ef460efb06.mp4,0:00:59,130.864972114563,1920x1080
f5f6b2bb-2829-4699-ba49-18f3e163453e.mp4,C:\discolocal\PROYECTOS\PYTHON\YouTube Upload Python\scripts\youtube_gallery_nicegui\pages\xbox_download_videos\downloaded_media4\f5f6b2bb-2829-4699-ba49-18f3e163453e.mp4,0:01:00,132.29131603240967,1920x1080
f74c808e-c988-491d-8839-e35ef82cc737.mp4,C:\discolocal\PROYECTOS\PYTHON\YouTube Upload Python\scripts\youtube_gallery_nicegui\pages\xbox_download_videos\downloaded_media4\f74c808e-c988-491d-8839-e35ef82cc737.mp4,0:00:59,145.03092193603516,1920x1080
f891da72-6537-4992-9c3d-c95c214126a8.mp4,C:\discolocal\PROYECTOS\PYTHON\YouTube Upload Python\scripts\youtube_gallery_nicegui\pages\xbox_download_videos\downloaded_media4\f891da72-6537-4992-9c3d-c95c214126a8.mp4,0:00:59,115.45589351654053,1920x1080
f89c63de-724e-4b3b-8e6e-5ef73cd22601.mp4,C:\discolocal\PROYECTOS\PYTHON\YouTube Upload Python\scripts\youtube_gallery_nicegui\pages\xbox_download_videos\downloaded_media4\f89c63de-724e-4b3b-8e6e-5ef73cd22601.mp4,0:00:59,143.55432415008545,1920x1080
fcd2ea1c-b46c-4c21-887f-1f14d913a610.mp4,C:\discolocal\PROYECTOS\PYTHON\YouTube Upload Python\scripts\youtube_gallery_nicegui\pages\xbox_download_videos\downloaded_media4\fcd2ea1c-b46c-4c21-887f-1f14d913a610.mp4,0:00:58,128.80633163452148,1920x1080
ff215051-1472-4793-944f-3523bb75463e.mp4,C:\discolocal\PROYECTOS\PYTHON\YouTube Upload Python\scripts\youtube_gallery_nicegui\pages\xbox_download_videos\downloaded_media\ff215051-1472-4793-944f-3523bb75463e.mp4,0:00:59,131.17298793792725,1920x1080
fff09143-3178-42f4-b5e7-8752b839215d.mp4,C:\discolocal\PROYECTOS\PYTHON\YouTube Upload Python\scripts\youtube_gallery_nicegui\pages\xbox_download_videos\downloaded_media3\fff09143-3178-42f4-b5e7-8752b839215d.mp4,0:00:59,125.17409038543701,1920x1080
merged_video123123.mp4,C:\discolocal\PROYECTOS\PYTHON\YouTube Upload Python\scripts\youtube_gallery_nicegui\pages\xbox_download_videos\downloaded_media3\merged_video123123.mp4,0:18:52,2354.9326887130737,1920x1080
merged_video12345678901.mp4,C:\discolocal\PROYECTOS\PYTHON\YouTube Upload Python\scripts\youtube_gallery_nicegui\pages\xbox_download_videos\downloaded_media\merged_video12345678901.mp4,0:16:52,2069.1762704849243,1920x1080
merged_video12345678902.mp4,C:\discolocal\PROYECTOS\PYTHON\YouTube Upload Python\scripts\youtube_gallery_nicegui\pages\xbox_download_videos\downloaded_media\merged_video12345678902.mp4,0:15:53,1950.9437036514282,1920x1080
merged_video12345678903.mp4,C:\discolocal\PROYECTOS\PYTHON\YouTube Upload Python\scripts\youtube_gallery_nicegui\pages\xbox_download_videos\downloaded_media\merged_video12345678903.mp4,0:14:53,1842.0586957931519,1920x1080
merged_video12345678904.mp4,C:\discolocal\PROYECTOS\PYTHON\YouTube Upload Python\scripts\youtube_gallery_nicegui\pages\xbox_download_videos\downloaded_media\merged_video12345678904.mp4,0:13:54,1729.0979633331299,1920x1080
merged_videoalleutoroor.mp4,C:\discolocal\PROYECTOS\PYTHON\YouTube Upload Python\scripts\youtube_gallery_nicegui\pages\xbox_download_videos\downloaded_media4\merged_videoalleutoroor.mp4,0:25:48,3350.1619005203247,1920x1080
merged_videoenglishh21123.mp4,C:\discolocal\PROYECTOS\PYTHON\YouTube Upload Python\scripts\youtube_gallery_nicegui\pages\xbox_download_videos\downloaded_media\merged_videoenglishh21123.mp4,0:17:51,2205.6328773498535,1920x1080
merged_videomvp12312231.mp4,C:\discolocal\PROYECTOS\PYTHON\YouTube Upload Python\scripts\youtube_gallery_nicegui\pages\xbox_download_videos\downloaded_media4\merged_videomvp12312231.mp4,0:44:40,5790.11922454834,1920x1080
merged_videouytfygf.mp4,C:\discolocal\PROYECTOS\PYTHON\YouTube Upload Python\scripts\youtube_gallery_nicegui\pages\xbox_download_videos\downloaded_media1\merged_videouytfygf.mp4,0:05:57,808.3427076339722,1920x1080
Short_005edf47-ddb6-46ec-a8a1-0b331be0cf77_20251130_114421.mp4,C:\discolocal\PROYECTOS\PYTHON\YouTube Upload Python\videos\Short_005edf47-ddb6-46ec-a8a1-0b331be0cf77_20251130_114421.mp4,0:00:59,52.67796802520752,1080x1920
Short_013c0608-f3db-4bfa-925a-61ccd5161770_20251219_224840.mp4,C:\discolocal\PROYECTOS\PYTHON\YouTube Upload Python\scripts\youtube_gallery_nicegui\pages\xbox_download_videos\downloaded_media4\Short_013c0608-f3db-4bfa-925a-61ccd5161770_20251219_224840.mp4,0:00:59,51.62235927581787,1080x1920
Short_015d4e66-22c6-4518-8c74-1b557dc648d8_20260131_120124.mp4,C:\discolocal\PROYECTOS\PYTHON\YouTube Upload Python\scripts\youtube_gallery_nicegui\pages\xbox_download_videos\downloaded_media\Short_015d4e66-22c6-4518-8c74-1b557dc648d8_20260131_120124.mp4,0:00:59,42.11858081817627,1080x1920
Short_0161eaf5-9db4-4b4e-b167-9a5803ef2691_20260106_175441.mp4,C:\discolocal\PROYECTOS\PYTHON\YouTube Upload Python\scripts\youtube_gallery_nicegui\pages\xbox_download_videos\downloaded_media1\Short_0161eaf5-9db4-4b4e-b167-9a5803ef2691_20260106_175441.mp4,0:00:59,43.94873332977295,1080x1920
Short_01f12468-a839-4412-9c7a-0198af507996_20260131_101210.mp4,C:\discolocal\PROYECTOS\PYTHON\YouTube Upload Python\scripts\youtube_gallery_nicegui\pages\xbox_download_videos\downloaded_media\Short_01f12468-a839-4412-9c7a-0198af507996_20260131_101210.mp4,0:00:59,35.00976371765137,1080x1920
Short_021df8f1-472f-478a-b280-7ac0b9b91a7a_20251215_030801.mp4,C:\discolocal\PROYECTOS\PYTHON\YouTube Upload Python\scripts\youtube_gallery_nicegui\pages\xbox_download_videos\downloaded_media4\Short_021df8f1-472f-478a-b280-7ac0b9b91a7a_20251215_030801.mp4,0:01:00,23.26865577697754,1080x1920
Short_021df8f1-472f-478a-b280-7ac0b9b91a7a_20251219_221044.mp4,C:\discolocal\PROYECTOS\PYTHON\YouTube Upload Python\scripts\youtube_gallery_nicegui\pages\xbox_download_videos\downloaded_media4\Short_021df8f1-472f-478a-b280-7ac0b9b91a7a_20251219_221044.mp4,0:01:00,23.26865577697754,1080x1920
Short_0471354d-ed49-40d5-a1c1-91e266831850_20251129_181123.mp4,C:\discolocal\PROYECTOS\PYTHON\YouTube Upload Python\videos\Short_0471354d-ed49-40d5-a1c1-91e266831850_20251129_181123.mp4,0:00:29,12.849282264709473,1080x1920
Short_0471354d-ed49-40d5-a1c1-91e266831850_20251129_184655.mp4,C:\discolocal\PROYECTOS\PYTHON\YouTube Upload Python\videos\Short_0471354d-ed49-40d5-a1c1-91e266831850_20251129_184655.mp4,0:00:29,12.849282264709473,1080x1920
Short_04f6f57d-4e94-44e5-bd30-f8d7311650ef_20260131_104718.mp4,C:\discolocal\PROYECTOS\PYTHON\YouTube Upload Python\scripts\youtube_gallery_nicegui\pages\xbox_download_videos\downloaded_media\Short_04f6f57d-4e94-44e5-bd30-f8d7311650ef_20260131_104718.mp4,0:00:59,40.63625240325928,1080x1920
Short_062415f8-5c0d-4c13-a0c0-f162df84750b_20251208_220414.mp4,C:\discolocal\PROYECTOS\PYTHON\YouTube Upload Python\scripts\youtube_gallery_nicegui\pages\xbox_download_videos\downloaded_media3\Short_062415f8-5c0d-4c13-a0c0-f162df84750b_20251208_220414.mp4,0:00:59,46.22043704986572,1080x1920
Short_0928e230-2bb3-42ac-88fe-cf08e24de7df_20251129_225347.mp4,C:\discolocal\PROYECTOS\PYTHON\YouTube Upload Python\videos\Short_0928e230-2bb3-42ac-88fe-cf08e24de7df_20251129_225347.mp4,0:00:59,38.88286304473877,1080x1920
Short_0a963865-58be-45f9-9ae4-e7a85b69ad78_20251215_024906.mp4,C:\discolocal\PROYECTOS\PYTHON\YouTube Upload Python\scripts\youtube_gallery_nicegui\pages\xbox_download_videos\downloaded_media4\Short_0a963865-58be-45f9-9ae4-e7a85b69ad78_20251215_024906.mp4,0:00:59,25.38094425201416,1080x1920
Short_0a963865-58be-45f9-9ae4-e7a85b69ad78_20251219_204059.mp4,C:\discolocal\PROYECTOS\PYTHON\YouTube Upload Python\scripts\youtube_gallery_nicegui\pages\xbox_download_videos\downloaded_media4\Short_0a963865-58be-45f9-9ae4-e7a85b69ad78_20251219_204059.mp4,0:00:59,25.38094425201416,1080x1920
Short_0c9a500e-d492-47b8-b9d9-3dda653ca18f_20260131_110324.mp4,C:\discolocal\PROYECTOS\PYTHON\YouTube Upload Python\scripts\youtube_gallery_nicegui\pages\xbox_download_videos\downloaded_media\Short_0c9a500e-d492-47b8-b9d9-3dda653ca18f_20260131_110324.mp4,0:00:59,47.0388765335083,1080x1920
Short_0d865d94-1200-4ac3-a832-882fd6b91a25_20251215_024423.mp4,C:\discolocal\PROYECTOS\PYTHON\YouTube Upload Python\scripts\youtube_gallery_nicegui\pages\xbox_download_videos\downloaded_media4\Short_0d865d94-1200-4ac3-a832-882fd6b91a25_20251215_024423.mp4,0:00:59,23.165806770324707,1080x1920
Short_0d865d94-1200-4ac3-a832-882fd6b91a25_20251219_230226.mp4,C:\discolocal\PROYECTOS\PYTHON\YouTube Upload Python\scripts\youtube_gallery_nicegui\pages\xbox_download_videos\downloaded_media4\Short_0d865d94-1200-4ac3-a832-882fd6b91a25_20251219_230226.mp4,0:00:59,23.165806770324707,1080x1920
Short_0da478a4-ae36-4ed3-aabd-d22453de89b5_20251208_105819.mp4,C:\discolocal\PROYECTOS\PYTHON\YouTube Upload Python\scripts\youtube_gallery_nicegui\pages\xbox_download_videos\downloaded_media3\Short_0da478a4-ae36-4ed3-aabd-d22453de89b5_20251208_105819.mp4,0:00:59,50.63835334777832,1080x1920
Short_0da478a4-ae36-4ed3-aabd-d22453de89b5_20251208_221310.mp4,C:\discolocal\PROYECTOS\PYTHON\YouTube Upload Python\scripts\youtube_gallery_nicegui\pages\xbox_download_videos\downloaded_media3\Short_0da478a4-ae36-4ed3-aabd-d22453de89b5_20251208_221310.mp4,0:00:59,50.63835334777832,1080x1920
Short_0e088882-cf3f-44e3-9d84-c5e309832d3f_20251211_203329.mp4,C:\discolocal\PROYECTOS\PYTHON\YouTube Upload Python\scripts\youtube_gallery_nicegui\pages\xbox_download_videos\downloaded_media3\Short_0e088882-cf3f-44e3-9d84-c5e309832d3f_20251211_203329.mp4,0:00:59,20.988961219787598,1080x1920
Short_0f0e0f01-7dec-4a87-a162-0149e9637161_20251208_105454.mp4,C:\discolocal\PROYECTOS\PYTHON\YouTube Upload Python\scripts\youtube_gallery_nicegui\pages\xbox_download_videos\downloaded_media3\Short_0f0e0f01-7dec-4a87-a162-0149e9637161_20251208_105454.mp4,0:00:59,42.3411808013916,1080x1920
Short_0f0e0f01-7dec-4a87-a162-0149e9637161_20251208_221602.mp4,C:\discolocal\PROYECTOS\PYTHON\YouTube Upload Python\scripts\youtube_gallery_nicegui\pages\xbox_download_videos\downloaded_media3\Short_0f0e0f01-7dec-4a87-a162-0149e9637161_20251208_221602.mp4,0:00:59,42.3411808013916,1080x1920
Short_104f6675-6db0-4c3a-924d-4e19e507a5ef_20251129_201502.mp4,C:\discolocal\PROYECTOS\PYTHON\YouTube Upload Python\videos\Short_104f6675-6db0-4c3a-924d-4e19e507a5ef_20251129_201502.mp4,0:00:29,23.26654815673828,1080x1920
Short_113e89fb-9c97-4845-8e29-55d858f073a2_20251129_181232.mp4,C:\discolocal\PROYECTOS\PYTHON\YouTube Upload Python\videos\Short_113e89fb-9c97-4845-8e29-55d858f073a2_20251129_181232.mp4,0:00:29,18.197062492370605,1080x1920
Short_113e89fb-9c97-4845-8e29-55d858f073a2_20251129_184603.mp4,C:\discolocal\PROYECTOS\PYTHON\YouTube Upload Python\videos\Short_113e89fb-9c97-4845-8e29-55d858f073a2_20251129_184603.mp4,0:00:29,18.197062492370605,1080x1920
Short_1309e5bc-f1b8-4b56-a071-a394c463bef6_20260102_092811.mp4,C:\discolocal\PROYECTOS\PYTHON\YouTube Upload Python\scripts\youtube_gallery_nicegui\pages\xbox_download_videos\downloaded_media4\Short_1309e5bc-f1b8-4b56-a071-a394c463bef6_20260102_092811.mp4,0:00:57,36.42567253112793,1080x1920
Short_15ab6479-2631-4180-b658-41275610fc18_20251208_111605.mp4,C:\discolocal\PROYECTOS\PYTHON\YouTube Upload Python\scripts\youtube_gallery_nicegui\pages\xbox_download_videos\downloaded_media3\Short_15ab6479-2631-4180-b658-41275610fc18_20251208_111605.mp4,0:00:59,72.25028705596924,1080x1920
Short_15ab6479-2631-4180-b658-41275610fc18_20251208_215738.mp4,C:\discolocal\PROYECTOS\PYTHON\YouTube Upload Python\scripts\youtube_gallery_nicegui\pages\xbox_download_videos\downloaded_media3\Short_15ab6479-2631-4180-b658-41275610fc18_20251208_215738.mp4,0:00:59,72.25028705596924,1080x1920
Short_164d2303-bee7-4c25-a019-42bad9ddcc9a_20251208_215152.mp4,C:\discolocal\PROYECTOS\PYTHON\YouTube Upload Python\scripts\youtube_gallery_nicegui\pages\xbox_download_videos\downloaded_media3\Short_164d2303-bee7-4c25-a019-42bad9ddcc9a_20251208_215152.mp4,0:00:59,41.60285949707031,1080x1920
Short_18764283-fa16-4f63-a7a2-0b27fcde1e5f_20251208_110457.mp4,C:\discolocal\PROYECTOS\PYTHON\YouTube Upload Python\scripts\youtube_gallery_nicegui\pages\xbox_download_videos\downloaded_media3\Short_18764283-fa16-4f63-a7a2-0b27fcde1e5f_20251208_110457.mp4,0:00:59,55.1993932723999,1080x1920
Short_18764283-fa16-4f63-a7a2-0b27fcde1e5f_20251208_221840.mp4,C:\discolocal\PROYECTOS\PYTHON\YouTube Upload Python\scripts\youtube_gallery_nicegui\pages\xbox_download_videos\downloaded_media3\Short_18764283-fa16-4f63-a7a2-0b27fcde1e5f_20251208_221840.mp4,0:00:59,55.1993932723999,1080x1920
Short_1ab1c9b0-a017-420f-a54c-e995506a8201_20260102_094111.mp4,C:\discolocal\PROYECTOS\PYTHON\YouTube Upload Python\scripts\youtube_gallery_nicegui\pages\xbox_download_videos\downloaded_media4\Short_1ab1c9b0-a017-420f-a54c-e995506a8201_20260102_094111.mp4,0:00:58,43.22030067443848,1080x1920
Short_1d881167-5d35-42a8-ae03-dbc30bae7599_20251215_040043.mp4,C:\discolocal\PROYECTOS\PYTHON\YouTube Upload Python\scripts\youtube_gallery_nicegui\pages\xbox_download_videos\downloaded_media4\Short_1d881167-5d35-42a8-ae03-dbc30bae7599_20251215_040043.mp4,0:00:59,41.60285949707031,1080x1920
Short_1d881167-5d35-42a8-ae03-dbc30bae7599_20251219_221526.mp4,C:\discolocal\PROYECTOS\PYTHON\YouTube Upload Python\scripts\youtube_gallery_nicegui\pages\xbox_download_videos\downloaded_media4\Short_1d881167-5d35-42a8-ae03-dbc30bae7599_20251219_221526.mp4,0:00:59,41.60285949707031,1080x1920
Short_1dba9e3b-313f-483b-a076-e5174446c890_20251129_201552.mp4,C:\discolocal\PROYECTOS\PYTHON\YouTube Upload Python\videos\Short_1dba9e3b-313f-483b-a076-e5174446c890_20251129_201552.mp4,0:00:29,8.162524223327637,1080x1920
Short_1e7c2ec9-ffba-4e54-8910-8d1f458a20ea_20260102_094914.mp4,C:\discolocal\PROYECTOS\PYTHON\YouTube Upload Python\scripts\youtube_gallery_nicegui\pages\xbox_download_videos\downloaded_media4\Short_1e7c2ec9-ffba-4e54-8910-8d1f458a20ea_20260102_094914.mp4,0:00:54,58.21470546722412,1080x1920
Short_1f1ab4fe-3313-4049-bd6e-d088ab772246_20251208_110136.mp4,C:\discolocal\PROYECTOS\PYTHON\YouTube Upload Python\scripts\youtube_gallery_nicegui\pages\xbox_download_videos\downloaded_media3\Short_1f1ab4fe-3313-4049-bd6e-d088ab772246_20251208_110136.mp4,0:00:59,42.36604118347168,1080x1920
Short_1f1ab4fe-3313-4049-bd6e-d088ab772246_20251208_222130.mp4,C:\discolocal\PROYECTOS\PYTHON\YouTube Upload Python\scripts\youtube_gallery_nicegui\pages\xbox_download_videos\downloaded_media3\Short_1f1ab4fe-3313-4049-bd6e-d088ab772246_20251208_222130.mp4,0:00:59,42.36604118347168,1080x1920
Short_2025-11-22 14-50-21_part01_20251210_172353.mp4,C:\discolocal\PROYECTOS\PYTHON\YouTube Upload Python\scripts\youtube_gallery_nicegui\pages\xbox_download_videos\downloaded_media3\Short_2025-11-22 14-50-21_part01_20251210_172353.mp4,0:01:00,32.02768039703369,1080x1920
Short_2025-11-22 14-50-21_part02_20251210_172353.mp4,C:\discolocal\PROYECTOS\PYTHON\YouTube Upload Python\scripts\youtube_gallery_nicegui\pages\xbox_download_videos\downloaded_media3\Short_2025-11-22 14-50-21_part02_20251210_172353.mp4,0:01:00,30.472957611083984,1080x1920
Short_2025-11-22 14-50-21_part03_20251210_172353.mp4,C:\discolocal\PROYECTOS\PYTHON\YouTube Upload Python\scripts\youtube_gallery_nicegui\pages\xbox_download_videos\downloaded_media3\Short_2025-11-22 14-50-21_part03_20251210_172353.mp4,0:01:00,33.71418380737305,1080x1920
Short_2025-11-22 14-50-21_part04_20251210_172353.mp4,C:\discolocal\PROYECTOS\PYTHON\YouTube Upload Python\scripts\youtube_gallery_nicegui\pages\xbox_download_videos\downloaded_media3\Short_2025-11-22 14-50-21_part04_20251210_172353.mp4,0:01:00,20.807260513305664,1080x1920
Short_2025-11-22 14-50-21_part05_20251210_172353.mp4,C:\discolocal\PROYECTOS\PYTHON\YouTube Upload Python\scripts\youtube_gallery_nicegui\pages\xbox_download_videos\downloaded_media3\Short_2025-11-22 14-50-21_part05_20251210_172353.mp4,0:01:00,15.943765640258789,1080x1920
Short_2025-11-22 14-50-21_part06_20251210_172353.mp4,C:\discolocal\PROYECTOS\PYTHON\YouTube Upload Python\scripts\youtube_gallery_nicegui\pages\xbox_download_videos\downloaded_media3\Short_2025-11-22 14-50-21_part06_20251210_172353.mp4,0:01:00,8.819958686828613,1080x1920
Short_2025-11-22 14-50-21_part07_20251210_172353.mp4,C:\discolocal\PROYECTOS\PYTHON\YouTube Upload Python\scripts\youtube_gallery_nicegui\pages\xbox_download_videos\downloaded_media3\Short_2025-11-22 14-50-21_part07_20251210_172353.mp4,0:01:00,2.8171825408935547,1080x1920
Short_2025-11-22 14-50-21_part08_20251210_172353.mp4,C:\discolocal\PROYECTOS\PYTHON\YouTube Upload Python\scripts\youtube_gallery_nicegui\pages\xbox_download_videos\downloaded_media3\Short_2025-11-22 14-50-21_part08_20251210_172353.mp4,0:01:00,18.744900703430176,1080x1920
Short_2025-11-22 14-50-21_part09_20251210_172353.mp4,C:\discolocal\PROYECTOS\PYTHON\YouTube Upload Python\scripts\youtube_gallery_nicegui\pages\xbox_download_videos\downloaded_media3\Short_2025-11-22 14-50-21_part09_20251210_172353.mp4,0:01:00,10.733924865722656,1080x1920
Short_2025-11-22 14-50-21_part10_20251210_172353.mp4,C:\discolocal\PROYECTOS\PYTHON\YouTube Upload Python\scripts\youtube_gallery_nicegui\pages\xbox_download_videos\downloaded_media3\Short_2025-11-22 14-50-21_part10_20251210_172353.mp4,0:01:00,20.41266632080078,1080x1920
Short_2025-11-22 14-50-21_part11_20251210_172353.mp4,C:\discolocal\PROYECTOS\PYTHON\YouTube Upload Python\scripts\youtube_gallery_nicegui\pages\xbox_download_videos\downloaded_media3\Short_2025-11-22 14-50-21_part11_20251210_172353.mp4,0:01:00,16.137736320495605,1080x1920
Short_2025-11-22 14-50-21_part12_20251210_172353.mp4,C:\discolocal\PROYECTOS\PYTHON\YouTube Upload Python\scripts\youtube_gallery_nicegui\pages\xbox_download_videos\downloaded_media3\Short_2025-11-22 14-50-21_part12_20251210_172353.mp4,0:01:00,25.831955909729004,1080x1920
Short_2025-11-22 14-50-21_part13_20251210_172353.mp4,C:\discolocal\PROYECTOS\PYTHON\YouTube Upload Python\scripts\youtube_gallery_nicegui\pages\xbox_download_videos\downloaded_media3\Short_2025-11-22 14-50-21_part13_20251210_172353.mp4,0:01:00,21.182713508605957,1080x1920
Short_2025-11-22 14-50-21_part14_20251210_172353.mp4,C:\discolocal\PROYECTOS\PYTHON\YouTube Upload Python\scripts\youtube_gallery_nicegui\pages\xbox_download_videos\downloaded_media3\Short_2025-11-22 14-50-21_part14_20251210_172353.mp4,0:01:00,17.18098545074463,1080x1920
Short_2025-11-22 14-50-21_part15_20251210_172353.mp4,C:\discolocal\PROYECTOS\PYTHON\YouTube Upload Python\scripts\youtube_gallery_nicegui\pages\xbox_download_videos\downloaded_media3\Short_2025-11-22 14-50-21_part15_20251210_172353.mp4,0:01:00,23.172269821166992,1080x1920
Short_2025-11-22 14-50-21_part16_20251210_172353.mp4,C:\discolocal\PROYECTOS\PYTHON\YouTube Upload Python\scripts\youtube_gallery_nicegui\pages\xbox_download_videos\downloaded_media3\Short_2025-11-22 14-50-21_part16_20251210_172353.mp4,0:01:00,32.301791191101074,1080x1920
Short_2025-11-22 14-50-21_part17_20251210_172353.mp4,C:\discolocal\PROYECTOS\PYTHON\YouTube Upload Python\scripts\youtube_gallery_nicegui\pages\xbox_download_videos\downloaded_media3\Short_2025-11-22 14-50-21_part17_20251210_172353.mp4,0:01:00,28.92423152923584,1080x1920
Short_2025-11-22 14-50-21_part18_20251210_172353.mp4,C:\discolocal\PROYECTOS\PYTHON\YouTube Upload Python\scripts\youtube_gallery_nicegui\pages\xbox_download_videos\downloaded_media3\Short_2025-11-22 14-50-21_part18_20251210_172353.mp4,0:01:00,23.546809196472168,1080x1920
Short_2025-11-22 14-50-21_part19_20251210_172353.mp4,C:\discolocal\PROYECTOS\PYTHON\YouTube Upload Python\scripts\youtube_gallery_nicegui\pages\xbox_download_videos\downloaded_media3\Short_2025-11-22 14-50-21_part19_20251210_172353.mp4,0:01:00,27.90541934967041,1080x1920
Short_2025-11-22 14-50-21_part20_20251210_172353.mp4,C:\discolocal\PROYECTOS\PYTHON\YouTube Upload Python\scripts\youtube_gallery_nicegui\pages\xbox_download_videos\downloaded_media3\Short_2025-11-22 14-50-21_part20_20251210_172353.mp4,0:01:00,6.775677680969238,1080x1920
Short_2025-11-22 14-50-21_part21_20251210_172353.mp4,C:\discolocal\PROYECTOS\PYTHON\YouTube Upload Python\scripts\youtube_gallery_nicegui\pages\xbox_download_videos\downloaded_media3\Short_2025-11-22 14-50-21_part21_20251210_172353.mp4,0:01:00,10.763924598693848,1080x1920
Short_2025-11-22 14-50-21_part22_20251210_172353.mp4,C:\discolocal\PROYECTOS\PYTHON\YouTube Upload Python\scripts\youtube_gallery_nicegui\pages\xbox_download_videos\downloaded_media3\Short_2025-11-22 14-50-21_part22_20251210_172353.mp4,0:01:00,27.98508358001709,1080x1920
Short_2025-11-22 14-50-21_part23_20251210_172353.mp4,C:\discolocal\PROYECTOS\PYTHON\YouTube Upload Python\scripts\youtube_gallery_nicegui\pages\xbox_download_videos\downloaded_media3\Short_2025-11-22 14-50-21_part23_20251210_172353.mp4,0:01:00,40.732635498046875,1080x1920
Short_2025-11-22 14-50-21_part24_20251210_172353.mp4,C:\discolocal\PROYECTOS\PYTHON\YouTube Upload Python\scripts\youtube_gallery_nicegui\pages\xbox_download_videos\downloaded_media3\Short_2025-11-22 14-50-21_part24_20251210_172353.mp4,0:01:00,37.4269905090332,1080x1920
Short_2025-11-22 14-50-21_part25_20251210_172353.mp4,C:\discolocal\PROYECTOS\PYTHON\YouTube Upload Python\scripts\youtube_gallery_nicegui\pages\xbox_download_videos\downloaded_media3\Short_2025-11-22 14-50-21_part25_20251210_172353.mp4,0:01:00,31.285529136657715,1080x1920
Short_2025-11-22 14-50-21_part26_20251210_172353.mp4,C:\discolocal\PROYECTOS\PYTHON\YouTube Upload Python\scripts\youtube_gallery_nicegui\pages\xbox_download_videos\downloaded_media3\Short_2025-11-22 14-50-21_part26_20251210_172353.mp4,0:01:00,29.826276779174805,1080x1920
Short_2025-11-22 14-50-21_part27_20251210_172353.mp4,C:\discolocal\PROYECTOS\PYTHON\YouTube Upload Python\scripts\youtube_gallery_nicegui\pages\xbox_download_videos\downloaded_media3\Short_2025-11-22 14-50-21_part27_20251210_172353.mp4,0:01:00,34.97864627838135,1080x1920
Short_2025-11-22 14-50-21_part28_20251210_172353.mp4,C:\discolocal\PROYECTOS\PYTHON\YouTube Upload Python\scripts\youtube_gallery_nicegui\pages\xbox_download_videos\downloaded_media3\Short_2025-11-22 14-50-21_part28_20251210_172353.mp4,0:01:00,27.027332305908203,1080x1920
Short_2025-11-22 14-50-21_part29_20251210_172353.mp4,C:\discolocal\PROYECTOS\PYTHON\YouTube Upload Python\scripts\youtube_gallery_nicegui\pages\xbox_download_videos\downloaded_media3\Short_2025-11-22 14-50-21_part29_20251210_172353.mp4,0:01:00,35.91867637634277,1080x1920
Short_2025-11-22 14-50-21_part30_20251210_172353.mp4,C:\discolocal\PROYECTOS\PYTHON\YouTube Upload Python\scripts\youtube_gallery_nicegui\pages\xbox_download_videos\downloaded_media3\Short_2025-11-22 14-50-21_part30_20251210_172353.mp4,0:01:00,13.557821273803711,1080x1920
Short_2025-11-22 14-50-21_part31_20251210_172353.mp4,C:\discolocal\PROYECTOS\PYTHON\YouTube Upload Python\scripts\youtube_gallery_nicegui\pages\xbox_download_videos\downloaded_media3\Short_2025-11-22 14-50-21_part31_20251210_172353.mp4,0:01:00,17.60222625732422,1080x1920
Short_2025-11-22 14-50-21_part32_20251210_172353.mp4,C:\discolocal\PROYECTOS\PYTHON\YouTube Upload Python\scripts\youtube_gallery_nicegui\pages\xbox_download_videos\downloaded_media3\Short_2025-11-22 14-50-21_part32_20251210_172353.mp4,0:01:00,27.939827919006348,1080x1920
Short_2025-11-22 14-50-21_part33_20251210_172353.mp4,C:\discolocal\PROYECTOS\PYTHON\YouTube Upload Python\scripts\youtube_gallery_nicegui\pages\xbox_download_videos\downloaded_media3\Short_2025-11-22 14-50-21_part33_20251210_172353.mp4,0:01:00,20.118237495422363,1080x1920
Short_2025-11-22 14-50-21_part34_20251210_172353.mp4,C:\discolocal\PROYECTOS\PYTHON\YouTube Upload Python\scripts\youtube_gallery_nicegui\pages\xbox_download_videos\downloaded_media3\Short_2025-11-22 14-50-21_part34_20251210_172353.mp4,0:01:00,20.73067283630371,1080x1920
Short_2025-11-22 14-50-21_part35_20251210_172353.mp4,C:\discolocal\PROYECTOS\PYTHON\YouTube Upload Python\scripts\youtube_gallery_nicegui\pages\xbox_download_videos\downloaded_media3\Short_2025-11-22 14-50-21_part35_20251210_172353.mp4,0:01:00,20.89745044708252,1080x1920
Short_2025-11-22 14-50-21_part36_20251210_172353.mp4,C:\discolocal\PROYECTOS\PYTHON\YouTube Upload Python\scripts\youtube_gallery_nicegui\pages\xbox_download_videos\downloaded_media3\Short_2025-11-22 14-50-21_part36_20251210_172353.mp4,0:01:00,7.912631988525391,1080x1920
Short_2025-11-22 14-50-21_part37_20251210_172353.mp4,C:\discolocal\PROYECTOS\PYTHON\YouTube Upload Python\scripts\youtube_gallery_nicegui\pages\xbox_download_videos\downloaded_media3\Short_2025-11-22 14-50-21_part37_20251210_172353.mp4,0:01:00,10.572237968444824,1080x1920
Short_2025-11-22 14-50-21_part38_20251210_172353.mp4,C:\discolocal\PROYECTOS\PYTHON\YouTube Upload Python\scripts\youtube_gallery_nicegui\pages\xbox_download_videos\downloaded_media3\Short_2025-11-22 14-50-21_part38_20251210_172353.mp4,0:01:00,10.590495109558105,1080x1920
Short_2025-11-22 14-50-21_part39_20251210_172353.mp4,C:\discolocal\PROYECTOS\PYTHON\YouTube Upload Python\scripts\youtube_gallery_nicegui\pages\xbox_download_videos\downloaded_media3\Short_2025-11-22 14-50-21_part39_20251210_172353.mp4,0:01:00,7.175820350646973,1080x1920
Short_2025-11-22 14-50-21_part40_20251210_172353.mp4,C:\discolocal\PROYECTOS\PYTHON\YouTube Upload Python\scripts\youtube_gallery_nicegui\pages\xbox_download_videos\downloaded_media3\Short_2025-11-22 14-50-21_part40_20251210_172353.mp4,0:01:00,20.103215217590332,1080x1920
Short_2025-11-22 14-50-21_part41_20251210_172353.mp4,C:\discolocal\PROYECTOS\PYTHON\YouTube Upload Python\scripts\youtube_gallery_nicegui\pages\xbox_download_videos\downloaded_media3\Short_2025-11-22 14-50-21_part41_20251210_172353.mp4,0:01:00,20.98126792907715,1080x1920
Short_2025-11-22 14-50-21_part42_20251210_172353.mp4,C:\discolocal\PROYECTOS\PYTHON\YouTube Upload Python\scripts\youtube_gallery_nicegui\pages\xbox_download_videos\downloaded_media3\Short_2025-11-22 14-50-21_part42_20251210_172353.mp4,0:01:00,18.168511390686035,1080x1920
Short_2025-11-22 14-50-21_part43_20251210_172353.mp4,C:\discolocal\PROYECTOS\PYTHON\YouTube Upload Python\scripts\youtube_gallery_nicegui\pages\xbox_download_videos\downloaded_media3\Short_2025-11-22 14-50-21_part43_20251210_172353.mp4,0:01:00,17.92495059967041,1080x1920
Short_2025-11-22 14-50-21_part44_20251210_172353.mp4,C:\discolocal\PROYECTOS\PYTHON\YouTube Upload Python\scripts\youtube_gallery_nicegui\pages\xbox_download_videos\downloaded_media3\Short_2025-11-22 14-50-21_part44_20251210_172353.mp4,0:01:00,13.483394622802734,1080x1920
Short_2025-11-22 14-50-21_part45_20251210_172353.mp4,C:\discolocal\PROYECTOS\PYTHON\YouTube Upload Python\scripts\youtube_gallery_nicegui\pages\xbox_download_videos\downloaded_media3\Short_2025-11-22 14-50-21_part45_20251210_172353.mp4,0:01:00,16.474610328674316,1080x1920
Short_2025-11-22 14-50-21_part46_20251210_172353.mp4,C:\discolocal\PROYECTOS\PYTHON\YouTube Upload Python\scripts\youtube_gallery_nicegui\pages\xbox_download_videos\downloaded_media3\Short_2025-11-22 14-50-21_part46_20251210_172353.mp4,0:01:00,19.890878677368164,1080x1920
Short_2025-11-22 14-50-21_part47_20251210_172353.mp4,C:\discolocal\PROYECTOS\PYTHON\YouTube Upload Python\scripts\youtube_gallery_nicegui\pages\xbox_download_videos\downloaded_media3\Short_2025-11-22 14-50-21_part47_20251210_172353.mp4,0:01:00,18.84445285797119,1080x1920
Short_2025-11-22 14-50-21_part48_20251210_172353.mp4,C:\discolocal\PROYECTOS\PYTHON\YouTube Upload Python\scripts\youtube_gallery_nicegui\pages\xbox_download_videos\downloaded_media3\Short_2025-11-22 14-50-21_part48_20251210_172353.mp4,0:01:00,50.7542200088501,1080x1920
Short_2025-11-22 14-50-21_part49_20251210_172353.mp4,C:\discolocal\PROYECTOS\PYTHON\YouTube Upload Python\scripts\youtube_gallery_nicegui\pages\xbox_download_videos\downloaded_media3\Short_2025-11-22 14-50-21_part49_20251210_172353.mp4,0:01:00,51.037659645080566,1080x1920
Short_2025-11-22 14-50-21_part50_20251210_172353.mp4,C:\discolocal\PROYECTOS\PYTHON\YouTube Upload Python\scripts\youtube_gallery_nicegui\pages\xbox_download_videos\downloaded_media3\Short_2025-11-22 14-50-21_part50_20251210_172353.mp4,0:01:00,16.252015113830566,1080x1920
Short_2025-11-22 14-50-21_part51_20251210_172353.mp4,C:\discolocal\PROYECTOS\PYTHON\YouTube Upload Python\scripts\youtube_gallery_nicegui\pages\xbox_download_videos\downloaded_media3\Short_2025-11-22 14-50-21_part51_20251210_172353.mp4,0:01:00,17.46975326538086,1080x1920
Short_2025-11-22 14-50-21_part52_20251210_172353.mp4,C:\discolocal\PROYECTOS\PYTHON\YouTube Upload Python\scripts\youtube_gallery_nicegui\pages\xbox_download_videos\downloaded_media3\Short_2025-11-22 14-50-21_part52_20251210_172353.mp4,0:01:00,16.057656288146973,1080x1920
Short_2025-11-22 14-50-21_part53_20251210_172353.mp4,C:\discolocal\PROYECTOS\PYTHON\YouTube Upload Python\scripts\youtube_gallery_nicegui\pages\xbox_download_videos\downloaded_media3\Short_2025-11-22 14-50-21_part53_20251210_172353.mp4,0:01:00,10.14211654663086,1080x1920
Short_2025-11-22 14-50-21_part54_20251210_172353.mp4,C:\discolocal\PROYECTOS\PYTHON\YouTube Upload Python\scripts\youtube_gallery_nicegui\pages\xbox_download_videos\downloaded_media3\Short_2025-11-22 14-50-21_part54_20251210_172353.mp4,0:01:00,10.992232322692871,1080x1920
Short_2025-11-22 14-50-21_part55_20251210_172353.mp4,C:\discolocal\PROYECTOS\PYTHON\YouTube Upload Python\scripts\youtube_gallery_nicegui\pages\xbox_download_videos\downloaded_media3\Short_2025-11-22 14-50-21_part55_20251210_172353.mp4,0:01:00,33.953535079956055,1080x1920
Short_2025-11-22 14-50-21_part56_20251210_172353.mp4,C:\discolocal\PROYECTOS\PYTHON\YouTube Upload Python\scripts\youtube_gallery_nicegui\pages\xbox_download_videos\downloaded_media3\Short_2025-11-22 14-50-21_part56_20251210_172353.mp4,0:01:00,44.506967544555664,1080x1920
Short_2025-11-22 14-50-21_part57_20251210_172353.mp4,C:\discolocal\PROYECTOS\PYTHON\YouTube Upload Python\scripts\youtube_gallery_nicegui\pages\xbox_download_videos\downloaded_media3\Short_2025-11-22 14-50-21_part57_20251210_172353.mp4,0:01:00,15.233884811401367,1080x1920
Short_20b165bb-4e8f-4e12-bf1a-f31b22c804b8_20260102_094348.mp4,C:\discolocal\PROYECTOS\PYTHON\YouTube Upload Python\scripts\youtube_gallery_nicegui\pages\xbox_download_videos\downloaded_media4\Short_20b165bb-4e8f-4e12-bf1a-f31b22c804b8_20260102_094348.mp4,0:00:55,54.05238056182861,1080x1920
Short_20dc315e-d49d-454e-b996-fbd265a278cc_20251208_112300.mp4,C:\discolocal\PROYECTOS\PYTHON\YouTube Upload Python\scripts\youtube_gallery_nicegui\pages\xbox_download_videos\downloaded_media3\Short_20dc315e-d49d-454e-b996-fbd265a278cc_20251208_112300.mp4,0:00:59,57.055901527404785,1080x1920
Short_20dc315e-d49d-454e-b996-fbd265a278cc_20251208_220954.mp4,C:\discolocal\PROYECTOS\PYTHON\YouTube Upload Python\scripts\youtube_gallery_nicegui\pages\xbox_download_videos\downloaded_media3\Short_20dc315e-d49d-454e-b996-fbd265a278cc_20251208_220954.mp4,0:00:59,57.055901527404785,1080x1920
Short_2468fc28-bba7-4a4b-b2f6-c2f7dfe809a1_20251219_230406.mp4,C:\discolocal\PROYECTOS\PYTHON\YouTube Upload Python\scripts\youtube_gallery_nicegui\pages\xbox_download_videos\downloaded_media4\Short_2468fc28-bba7-4a4b-b2f6-c2f7dfe809a1_20251219_230406.mp4,0:00:59,23.085700035095215,1080x1920
Short_25ae227a-c339-4e0a-ac45-36cbf79a3192_20251215_031046.mp4,C:\discolocal\PROYECTOS\PYTHON\YouTube Upload Python\scripts\youtube_gallery_nicegui\pages\xbox_download_videos\downloaded_media4\Short_25ae227a-c339-4e0a-ac45-36cbf79a3192_20251215_031046.mp4,0:00:59,55.1993932723999,1080x1920
Short_25ae227a-c339-4e0a-ac45-36cbf79a3192_20251219_213328.mp4,C:\discolocal\PROYECTOS\PYTHON\YouTube Upload Python\scripts\youtube_gallery_nicegui\pages\xbox_download_videos\downloaded_media4\Short_25ae227a-c339-4e0a-ac45-36cbf79a3192_20251219_213328.mp4,0:00:59,55.1993932723999,1080x1920
Short_25bb57a3-5280-4750-a116-e70d6261a9a1_20251219_215509.mp4,C:\discolocal\PROYECTOS\PYTHON\YouTube Upload Python\scripts\youtube_gallery_nicegui\pages\xbox_download_videos\downloaded_media4\Short_25bb57a3-5280-4750-a116-e70d6261a9a1_20251219_215509.mp4,0:01:00,47.814663887023926,1080x1920
Short_26206e53-8203-4789-af2b-d8a846f42d08_20260131_102734.mp4,C:\discolocal\PROYECTOS\PYTHON\YouTube Upload Python\scripts\youtube_gallery_nicegui\pages\xbox_download_videos\downloaded_media\Short_26206e53-8203-4789-af2b-d8a846f42d08_20260131_102734.mp4,0:00:59,25.18366241455078,1080x1920
Short_274fe00d-345f-4df9-99e3-29db58b3e823_part01_20260101_221531.mp4,C:\discolocal\PROYECTOS\PYTHON\YouTube Upload Python\scripts\youtube_gallery_nicegui\pages\xbox_download_videos\downloaded_media4\Short_274fe00d-345f-4df9-99e3-29db58b3e823_part01_20260101_221531.mp4,0:00:30,19.257488250732422,1080x1920
Short_27a775ab-ebb4-485c-a628-afd27c45835b_20251129_201753.mp4,C:\discolocal\PROYECTOS\PYTHON\YouTube Upload Python\videos\Short_27a775ab-ebb4-485c-a628-afd27c45835b_20251129_201753.mp4,0:00:29,31.648719787597656,1080x1920
Short_27fe55c4-ed81-45b1-9e4f-155549f35312_part01_20260101_221530.mp4,C:\discolocal\PROYECTOS\PYTHON\YouTube Upload Python\scripts\youtube_gallery_nicegui\pages\xbox_download_videos\downloaded_media4\Short_27fe55c4-ed81-45b1-9e4f-155549f35312_part01_20260101_221530.mp4,0:00:30,40.80870532989502,1080x1920
Short_29a8e765-0201-41aa-8f08-42f08207dc77_20251208_120238.mp4,C:\discolocal\PROYECTOS\PYTHON\YouTube Upload Python\scripts\youtube_gallery_nicegui\pages\xbox_download_videos\downloaded_media3\Short_29a8e765-0201-41aa-8f08-42f08207dc77_20251208_120238.mp4,0:01:00,80.48304557800293,1080x1920
Short_29a8e765-0201-41aa-8f08-42f08207dc77_20251208_220026.mp4,C:\discolocal\PROYECTOS\PYTHON\YouTube Upload Python\scripts\youtube_gallery_nicegui\pages\xbox_download_videos\downloaded_media3\Short_29a8e765-0201-41aa-8f08-42f08207dc77_20251208_220026.mp4,0:01:00,80.48304557800293,1080x1920
Short_29a8e765-0201-41aa-8f08-42f08207dc77_part01_20251208_100040.mp4,C:\discolocal\PROYECTOS\PYTHON\YouTube Upload Python\scripts\youtube_gallery_nicegui\pages\xbox_download_videos\downloaded_media3\Short_29a8e765-0201-41aa-8f08-42f08207dc77_part01_20251208_100040.mp4,0:01:00,80.48304557800293,1080x1920
Short_2a69339a-6b85-4518-8eef-577935987794_20251211_201905.mp4,C:\discolocal\PROYECTOS\PYTHON\YouTube Upload Python\scripts\youtube_gallery_nicegui\pages\xbox_download_videos\downloaded_media3\Short_2a69339a-6b85-4518-8eef-577935987794_20251211_201905.mp4,0:00:59,54.4925594329834,1080x1920
Short_2c84eb8f-89f1-4b86-b656-c5e7e98be58c_20260131_121657.mp4,C:\discolocal\PROYECTOS\PYTHON\YouTube Upload Python\scripts\youtube_gallery_nicegui\pages\xbox_download_videos\downloaded_media\Short_2c84eb8f-89f1-4b86-b656-c5e7e98be58c_20260131_121657.mp4,0:00:59,33.01542663574219,1080x1920
Short_2f1a1c03-0316-4b2b-823d-b53800f50a5b_20260106_180906.mp4,C:\discolocal\PROYECTOS\PYTHON\YouTube Upload Python\scripts\youtube_gallery_nicegui\pages\xbox_download_videos\downloaded_media1\Short_2f1a1c03-0316-4b2b-823d-b53800f50a5b_20260106_180906.mp4,0:00:59,34.329108238220215,1080x1920
Short_3577043c-361b-4e35-9df4-352cfa04e750_20251208_220711.mp4,C:\discolocal\PROYECTOS\PYTHON\YouTube Upload Python\scripts\youtube_gallery_nicegui\pages\xbox_download_videos\downloaded_media3\Short_3577043c-361b-4e35-9df4-352cfa04e750_20251208_220711.mp4,0:00:59,40.88548469543457,1080x1920
Short_35a5eab7-3869-4f09-a9b0-193764c0a020_20251208_114834.mp4,C:\discolocal\PROYECTOS\PYTHON\YouTube Upload Python\scripts\youtube_gallery_nicegui\pages\xbox_download_videos\downloaded_media3\Short_35a5eab7-3869-4f09-a9b0-193764c0a020_20251208_114834.mp4,0:00:59,35.72611045837402,1080x1920
Short_35a5eab7-3869-4f09-a9b0-193764c0a020_20251208_214950.mp4,C:\discolocal\PROYECTOS\PYTHON\YouTube Upload Python\scripts\youtube_gallery_nicegui\pages\xbox_download_videos\downloaded_media3\Short_35a5eab7-3869-4f09-a9b0-193764c0a020_20251208_214950.mp4,0:00:59,35.72611045837402,1080x1920
Short_372897f2-c906-41cd-85bd-42ea7dad4157_20251219_225744.mp4,C:\discolocal\PROYECTOS\PYTHON\YouTube Upload Python\scripts\youtube_gallery_nicegui\pages\xbox_download_videos\downloaded_media4\Short_372897f2-c906-41cd-85bd-42ea7dad4157_20251219_225744.mp4,0:00:59,49.14572811126709,1080x1920
Short_37431408-fd36-417e-b71d-d3f474d8e2c6_20251215_032039.mp4,C:\discolocal\PROYECTOS\PYTHON\YouTube Upload Python\scripts\youtube_gallery_nicegui\pages\xbox_download_videos\downloaded_media4\Short_37431408-fd36-417e-b71d-d3f474d8e2c6_20251215_032039.mp4,0:00:59,62.058770179748535,1080x1920
Short_37431408-fd36-417e-b71d-d3f474d8e2c6_20251219_205123.mp4,C:\discolocal\PROYECTOS\PYTHON\YouTube Upload Python\scripts\youtube_gallery_nicegui\pages\xbox_download_videos\downloaded_media4\Short_37431408-fd36-417e-b71d-d3f474d8e2c6_20251219_205123.mp4,0:00:59,62.058770179748535,1080x1920
Short_3a814181-a5d6-475f-99ba-e19565045ad0_part01_20260101_221530.mp4,C:\discolocal\PROYECTOS\PYTHON\YouTube Upload Python\scripts\youtube_gallery_nicegui\pages\xbox_download_videos\downloaded_media4\Short_3a814181-a5d6-475f-99ba-e19565045ad0_part01_20260101_221530.mp4,0:00:30,21.17264461517334,1080x1920
Short_3a96454d-5c85-4caf-b7fa-578dcc230fe9_20260131_111918.mp4,C:\discolocal\PROYECTOS\PYTHON\YouTube Upload Python\scripts\youtube_gallery_nicegui\pages\xbox_download_videos\downloaded_media\Short_3a96454d-5c85-4caf-b7fa-578dcc230fe9_20260131_111918.mp4,0:00:59,58.5198335647583,1080x1920
Short_3b13de5f-b9fc-45b5-8deb-05389507326d_part01_20260101_221531.mp4,C:\discolocal\PROYECTOS\PYTHON\YouTube Upload Python\scripts\youtube_gallery_nicegui\pages\xbox_download_videos\downloaded_media4\Short_3b13de5f-b9fc-45b5-8deb-05389507326d_part01_20260101_221531.mp4,0:00:30,28.35140895843506,1080x1920
Short_3d06afae-21b7-4c0d-9c3b-1c00c2e0f444_20251208_215423.mp4,C:\discolocal\PROYECTOS\PYTHON\YouTube Upload Python\scripts\youtube_gallery_nicegui\pages\xbox_download_videos\downloaded_media3\Short_3d06afae-21b7-4c0d-9c3b-1c00c2e0f444_20251208_215423.mp4,0:00:59,86.038987159729,1080x1920
Short_3e2c3d34-7dfa-4b98-80f0-33c9e318492c_20251130_121125.mp4,C:\discolocal\PROYECTOS\PYTHON\YouTube Upload Python\videos\Short_3e2c3d34-7dfa-4b98-80f0-33c9e318492c_20251130_121125.mp4,0:00:59,60.72762107849121,1080x1920
Short_3e97e046-79ad-4714-8c12-00a411cdc9f8_part01_20260101_221529.mp4,C:\discolocal\PROYECTOS\PYTHON\YouTube Upload Python\scripts\youtube_gallery_nicegui\pages\xbox_download_videos\downloaded_media4\Short_3e97e046-79ad-4714-8c12-00a411cdc9f8_part01_20260101_221529.mp4,0:00:30,20.613767623901367,1080x1920
Short_405d3e68-8b8d-4089-8663-a6bff5c4f20e_20251208_115539.mp4,C:\discolocal\PROYECTOS\PYTHON\YouTube Upload Python\scripts\youtube_gallery_nicegui\pages\xbox_download_videos\downloaded_media3\Short_405d3e68-8b8d-4089-8663-a6bff5c4f20e_20251208_115539.mp4,0:00:57,43.563246726989746,1080x1920
Short_40e897cb-23ee-45b0-aa17-46f80596f1e8_20251129_220831.mp4,C:\discolocal\PROYECTOS\PYTHON\YouTube Upload Python\videos\Short_40e897cb-23ee-45b0-aa17-46f80596f1e8_20251129_220831.mp4,0:00:28,11.217212677001953,1080x1920
Short_431c6193-b696-4467-bd6b-833037301da9_20251129_201631.mp4,C:\discolocal\PROYECTOS\PYTHON\YouTube Upload Python\videos\Short_431c6193-b696-4467-bd6b-833037301da9_20251129_201631.mp4,0:00:29,37.90382671356201,1080x1920
Short_44180b4a-900e-4875-8204-9e6d008055fc_part01_20260101_221530.mp4,C:\discolocal\PROYECTOS\PYTHON\YouTube Upload Python\scripts\youtube_gallery_nicegui\pages\xbox_download_videos\downloaded_media4\Short_44180b4a-900e-4875-8204-9e6d008055fc_part01_20260101_221530.mp4,0:00:30,34.061140060424805,1080x1920
Short_4651d053-1038-42d8-a78f-9871a2f48c1b_20251211_203229.mp4,C:\discolocal\PROYECTOS\PYTHON\YouTube Upload Python\scripts\youtube_gallery_nicegui\pages\xbox_download_videos\downloaded_media3\Short_4651d053-1038-42d8-a78f-9871a2f48c1b_20251211_203229.mp4,0:00:59,5.531304359436035,1080x1920
Short_477bf663-0491-422d-9aab-29fbd72e388b_20251129_181016.mp4,C:\discolocal\PROYECTOS\PYTHON\YouTube Upload Python\videos\Short_477bf663-0491-422d-9aab-29fbd72e388b_20251129_181016.mp4,0:00:29,28.706114768981934,1080x1920
Short_477bf663-0491-422d-9aab-29fbd72e388b_20251129_184506.mp4,C:\discolocal\PROYECTOS\PYTHON\YouTube Upload Python\videos\Short_477bf663-0491-422d-9aab-29fbd72e388b_20251129_184506.mp4,0:00:29,28.706114768981934,1080x1920
Short_47deef63-401e-4bcf-9900-62a1bfa0b5b3_20251208_112926.mp4,C:\discolocal\PROYECTOS\PYTHON\YouTube Upload Python\scripts\youtube_gallery_nicegui\pages\xbox_download_videos\downloaded_media3\Short_47deef63-401e-4bcf-9900-62a1bfa0b5b3_20251208_112926.mp4,0:00:59,71.35674476623535,1080x1920
Short_4890b8b5-12d6-419b-a2fa-384ee7cef933_20251130_193824.mp4,C:\discolocal\PROYECTOS\PYTHON\YouTube Upload Python\scripts\youtube_gallery_nicegui\pages\xbox_download_videos\downloaded_media2\Short_4890b8b5-12d6-419b-a2fa-384ee7cef933_20251130_193824.mp4,0:00:59,62.89876937866211,1080x1920
Short_489ecdd7-0936-4590-9ccb-c2f901ba2b7a_20251129_220749.mp4,C:\discolocal\PROYECTOS\PYTHON\YouTube Upload Python\videos\Short_489ecdd7-0936-4590-9ccb-c2f901ba2b7a_20251129_220749.mp4,0:00:26,14.026844024658203,1080x1920
Short_48db1ebf-97c4-454e-814d-ea9b9611bfeb_20260102_093044.mp4,C:\discolocal\PROYECTOS\PYTHON\YouTube Upload Python\scripts\youtube_gallery_nicegui\pages\xbox_download_videos\downloaded_media4\Short_48db1ebf-97c4-454e-814d-ea9b9611bfeb_20260102_093044.mp4,0:00:56,71.77464294433594,1080x1920
Short_4a33e6e9-629e-4d2e-ae36-88fa3dd61e5b_20260102_093819.mp4,C:\discolocal\PROYECTOS\PYTHON\YouTube Upload Python\scripts\youtube_gallery_nicegui\pages\xbox_download_videos\downloaded_media4\Short_4a33e6e9-629e-4d2e-ae36-88fa3dd61e5b_20260102_093819.mp4,0:00:59,41.692280769348145,1080x1920
Short_4cab1c98-4545-4e38-bcd7-5ead061ba4bf_20251211_200724.mp4,C:\discolocal\PROYECTOS\PYTHON\YouTube Upload Python\scripts\youtube_gallery_nicegui\pages\xbox_download_videos\downloaded_media3\Short_4cab1c98-4545-4e38-bcd7-5ead061ba4bf_20251211_200724.mp4,0:00:59,28.895434379577637,1080x1920
Short_4e81a6b6-0a87-4655-9e98-e2de087b87e6_20251130_195511.mp4,C:\discolocal\PROYECTOS\PYTHON\YouTube Upload Python\scripts\youtube_gallery_nicegui\pages\xbox_download_videos\downloaded_media2\Short_4e81a6b6-0a87-4655-9e98-e2de087b87e6_20251130_195511.mp4,0:00:59,64.3049144744873,1080x1920
Short_4fd5e984-93fb-4344-93de-fb95ccddf9db_20251215_025419.mp4,C:\discolocal\PROYECTOS\PYTHON\YouTube Upload Python\scripts\youtube_gallery_nicegui\pages\xbox_download_videos\downloaded_media4\Short_4fd5e984-93fb-4344-93de-fb95ccddf9db_20251215_025419.mp4,0:00:59,45.2670259475708,1080x1920
Short_4fd5e984-93fb-4344-93de-fb95ccddf9db_20251219_214609.mp4,C:\discolocal\PROYECTOS\PYTHON\YouTube Upload Python\scripts\youtube_gallery_nicegui\pages\xbox_download_videos\downloaded_media4\Short_4fd5e984-93fb-4344-93de-fb95ccddf9db_20251219_214609.mp4,0:00:59,45.2670259475708,1080x1920
Short_51ad9943-ffea-4c7d-a1af-baba39d59fcc_20251211_204434.mp4,C:\discolocal\PROYECTOS\PYTHON\YouTube Upload Python\scripts\youtube_gallery_nicegui\pages\xbox_download_videos\downloaded_media3\Short_51ad9943-ffea-4c7d-a1af-baba39d59fcc_20251211_204434.mp4,0:00:59,38.76505661010742,1080x1920
Short_53fbafd9-cba5-4ee7-b28f-d38e2192a058_20251215_034432.mp4,C:\discolocal\PROYECTOS\PYTHON\YouTube Upload Python\scripts\youtube_gallery_nicegui\pages\xbox_download_videos\downloaded_media4\Short_53fbafd9-cba5-4ee7-b28f-d38e2192a058_20251215_034432.mp4,0:00:59,26.253657341003418,1080x1920
Short_53fbafd9-cba5-4ee7-b28f-d38e2192a058_20251219_233020.mp4,C:\discolocal\PROYECTOS\PYTHON\YouTube Upload Python\scripts\youtube_gallery_nicegui\pages\xbox_download_videos\downloaded_media4\Short_53fbafd9-cba5-4ee7-b28f-d38e2192a058_20251219_233020.mp4,0:00:59,26.253657341003418,1080x1920
Short_547ae089-c5ac-4b53-8496-20a0a0b166c3_20251208_105141.mp4,C:\discolocal\PROYECTOS\PYTHON\YouTube Upload Python\scripts\youtube_gallery_nicegui\pages\xbox_download_videos\downloaded_media3\Short_547ae089-c5ac-4b53-8496-20a0a0b166c3_20251208_105141.mp4,0:00:59,47.65826225280762,1080x1920
Short_5494e1a6-eabd-415a-a9bf-bd12eb8d88c2_20251130_193250.mp4,C:\discolocal\PROYECTOS\PYTHON\YouTube Upload Python\scripts\youtube_gallery_nicegui\pages\xbox_download_videos\downloaded_media2\Short_5494e1a6-eabd-415a-a9bf-bd12eb8d88c2_20251130_193250.mp4,0:00:59,38.3220739364624,1080x1920
Short_549a3d6c-78ff-46b0-8dc4-96f31370c12a_20251211_201557.mp4,C:\discolocal\PROYECTOS\PYTHON\YouTube Upload Python\scripts\youtube_gallery_nicegui\pages\xbox_download_videos\downloaded_media3\Short_549a3d6c-78ff-46b0-8dc4-96f31370c12a_20251211_201557.mp4,0:00:59,47.304673194885254,1080x1920
Short_59815c53-453c-4b39-b496-e7ec0ed52b38_20251215_033532.mp4,C:\discolocal\PROYECTOS\PYTHON\YouTube Upload Python\scripts\youtube_gallery_nicegui\pages\xbox_download_videos\downloaded_media4\Short_59815c53-453c-4b39-b496-e7ec0ed52b38_20251215_033532.mp4,0:00:59,47.33537197113037,1080x1920
Short_59815c53-453c-4b39-b496-e7ec0ed52b38_20251219_233717.mp4,C:\discolocal\PROYECTOS\PYTHON\YouTube Upload Python\scripts\youtube_gallery_nicegui\pages\xbox_download_videos\downloaded_media4\Short_59815c53-453c-4b39-b496-e7ec0ed52b38_20251219_233717.mp4,0:00:59,47.33537197113037,1080x1920
Short_59e2c802-3f9b-45fc-ba61-6a06ec8b1e03_20260131_104953.mp4,C:\discolocal\PROYECTOS\PYTHON\YouTube Upload Python\scripts\youtube_gallery_nicegui\pages\xbox_download_videos\downloaded_media\Short_59e2c802-3f9b-45fc-ba61-6a06ec8b1e03_20260131_104953.mp4,0:00:59,38.68499946594238,1080x1920
Short_5b769cb0-2d8e-49c4-9429-ddf903837905_20260125_121257.mp4,C:\discolocal\PROYECTOS\PYTHON\YouTube Upload Python\scripts\youtube_gallery_nicegui\pages\xbox_download_videos\downloaded_media1\Short_5b769cb0-2d8e-49c4-9429-ddf903837905_20260125_121257.mp4,0:00:59,54.458560943603516,1080x1920
Short_5b7da38a-1449-46a0-a6bc-6cab79573d39_20251130_194132.mp4,C:\discolocal\PROYECTOS\PYTHON\YouTube Upload Python\scripts\youtube_gallery_nicegui\pages\xbox_download_videos\downloaded_media2\Short_5b7da38a-1449-46a0-a6bc-6cab79573d39_20251130_194132.mp4,0:00:59,57.191429138183594,1080x1920
Short_5b8b0e25-29bb-465a-99ce-067b35ba7fd6_20251215_033830.mp4,C:\discolocal\PROYECTOS\PYTHON\YouTube Upload Python\scripts\youtube_gallery_nicegui\pages\xbox_download_videos\downloaded_media4\Short_5b8b0e25-29bb-465a-99ce-067b35ba7fd6_20251215_033830.mp4,0:00:59,47.65826225280762,1080x1920
Short_5b8b0e25-29bb-465a-99ce-067b35ba7fd6_20251219_222232.mp4,C:\discolocal\PROYECTOS\PYTHON\YouTube Upload Python\scripts\youtube_gallery_nicegui\pages\xbox_download_videos\downloaded_media4\Short_5b8b0e25-29bb-465a-99ce-067b35ba7fd6_20251219_222232.mp4,0:00:59,47.65826225280762,1080x1920
Short_5c7fcae5-ce63-4cfd-af0c-6aefb4bdb817_20251208_113302.mp4,C:\discolocal\PROYECTOS\PYTHON\YouTube Upload Python\scripts\youtube_gallery_nicegui\pages\xbox_download_videos\downloaded_media3\Short_5c7fcae5-ce63-4cfd-af0c-6aefb4bdb817_20251208_113302.mp4,0:00:47,53.38684844970703,1080x1920
Short_5e96c05c-822f-43c2-a5dd-0c0ac1830b99_20251208_115845.mp4,C:\discolocal\PROYECTOS\PYTHON\YouTube Upload Python\scripts\youtube_gallery_nicegui\pages\xbox_download_videos\downloaded_media3\Short_5e96c05c-822f-43c2-a5dd-0c0ac1830b99_20251208_115845.mp4,0:00:59,53.92931938171387,1080x1920
Short_62e6b21f-ffb0-4674-bbab-9c9d664cb112_20251215_031718.mp4,C:\discolocal\PROYECTOS\PYTHON\YouTube Upload Python\scripts\youtube_gallery_nicegui\pages\xbox_download_videos\downloaded_media4\Short_62e6b21f-ffb0-4674-bbab-9c9d664cb112_20251215_031718.mp4,0:00:59,46.22043704986572,1080x1920
Short_62e6b21f-ffb0-4674-bbab-9c9d664cb112_20251219_231701.mp4,C:\discolocal\PROYECTOS\PYTHON\YouTube Upload Python\scripts\youtube_gallery_nicegui\pages\xbox_download_videos\downloaded_media4\Short_62e6b21f-ffb0-4674-bbab-9c9d664cb112_20251219_231701.mp4,0:00:59,46.22043704986572,1080x1920
Short_651fc1fa-3945-427a-ac17-18573c13459d_20260106_175829.mp4,C:\discolocal\PROYECTOS\PYTHON\YouTube Upload Python\scripts\youtube_gallery_nicegui\pages\xbox_download_videos\downloaded_media1\Short_651fc1fa-3945-427a-ac17-18573c13459d_20260106_175829.mp4,0:00:59,33.10932636260986,1080x1920
Short_65f84901-b609-461f-b364-a16f7e790479_20260125_122650.mp4,C:\discolocal\PROYECTOS\PYTHON\YouTube Upload Python\scripts\youtube_gallery_nicegui\pages\xbox_download_videos\downloaded_media1\Short_65f84901-b609-461f-b364-a16f7e790479_20260125_122650.mp4,0:00:59,58.72658157348633,1080x1920
Short_664f98f9-54f1-40d2-8799-ae7060110ae0_20251211_205003.mp4,C:\discolocal\PROYECTOS\PYTHON\YouTube Upload Python\scripts\youtube_gallery_nicegui\pages\xbox_download_videos\downloaded_media3\Short_664f98f9-54f1-40d2-8799-ae7060110ae0_20251211_205003.mp4,0:00:59,47.4862003326416,1080x1920
Short_667b10e3-68f7-4704-95bf-40a16d3a78f4_20260131_125556.mp4,C:\discolocal\PROYECTOS\PYTHON\YouTube Upload Python\scripts\youtube_gallery_nicegui\pages\xbox_download_videos\downloaded_media\Short_667b10e3-68f7-4704-95bf-40a16d3a78f4_20260131_125556.mp4,0:00:59,46.98748016357422,1080x1920
Short_66ca8aa7-f39a-4181-8057-a53f4944ef10_20251208_113529.mp4,C:\discolocal\PROYECTOS\PYTHON\YouTube Upload Python\scripts\youtube_gallery_nicegui\pages\xbox_download_videos\downloaded_media3\Short_66ca8aa7-f39a-4181-8057-a53f4944ef10_20251208_113529.mp4,0:00:59,58.358277320861816,1080x1920
Short_67c3c372-bac6-4695-a36f-74010e7ecc3a_20251219_210753.mp4,C:\discolocal\PROYECTOS\PYTHON\YouTube Upload Python\scripts\youtube_gallery_nicegui\pages\xbox_download_videos\downloaded_media4\Short_67c3c372-bac6-4695-a36f-74010e7ecc3a_20251219_210753.mp4,0:00:59,29.838714599609375,1080x1920
Short_67ceb228-ebea-4568-ab2f-7ce197b066ec_20251211_200950.mp4,C:\discolocal\PROYECTOS\PYTHON\YouTube Upload Python\scripts\youtube_gallery_nicegui\pages\xbox_download_videos\downloaded_media3\Short_67ceb228-ebea-4568-ab2f-7ce197b066ec_20251211_200950.mp4,0:00:59,40.013938903808594,1080x1920
Short_68478c8b-7333-4d41-8d97-0f95bfb40f72_20251211_195952.mp4,C:\discolocal\PROYECTOS\PYTHON\YouTube Upload Python\scripts\youtube_gallery_nicegui\pages\xbox_download_videos\downloaded_media3\Short_68478c8b-7333-4d41-8d97-0f95bfb40f72_20251211_195952.mp4,0:00:59,33.22663116455078,1080x1920
Short_68f38023-7348-4bca-b8bf-f7c07a431f58_20251215_034129.mp4,C:\discolocal\PROYECTOS\PYTHON\YouTube Upload Python\scripts\youtube_gallery_nicegui\pages\xbox_download_videos\downloaded_media4\Short_68f38023-7348-4bca-b8bf-f7c07a431f58_20251215_034129.mp4,0:00:59,39.32190990447998,1080x1920
Short_68f38023-7348-4bca-b8bf-f7c07a431f58_20251219_205750.mp4,C:\discolocal\PROYECTOS\PYTHON\YouTube Upload Python\scripts\youtube_gallery_nicegui\pages\xbox_download_videos\downloaded_media4\Short_68f38023-7348-4bca-b8bf-f7c07a431f58_20251219_205750.mp4,0:00:59,39.32190990447998,1080x1920
Short_6c482414-8bc8-43d1-85b5-d53ff361ab1f_20251208_114510.mp4,C:\discolocal\PROYECTOS\PYTHON\YouTube Upload Python\scripts\youtube_gallery_nicegui\pages\xbox_download_videos\downloaded_media3\Short_6c482414-8bc8-43d1-85b5-d53ff361ab1f_20251208_114510.mp4,0:00:59,47.97517681121826,1080x1920
Short_6d252352-398b-4407-a424-17190c5ec2bb_20251211_203550.mp4,C:\discolocal\PROYECTOS\PYTHON\YouTube Upload Python\scripts\youtube_gallery_nicegui\pages\xbox_download_videos\downloaded_media3\Short_6d252352-398b-4407-a424-17190c5ec2bb_20251211_203550.mp4,0:00:59,32.85452461242676,1080x1920
Short_6d5f696a-3e63-4404-af9d-3a70459990bd_part01_20260101_221530.mp4,C:\discolocal\PROYECTOS\PYTHON\YouTube Upload Python\scripts\youtube_gallery_nicegui\pages\xbox_download_videos\downloaded_media4\Short_6d5f696a-3e63-4404-af9d-3a70459990bd_part01_20260101_221530.mp4,0:00:30,44.368778228759766,1080x1920
Short_6e4ce43e-fa88-4fe3-b373-0ca9531c00e2_20251208_113838.mp4,C:\discolocal\PROYECTOS\PYTHON\YouTube Upload Python\scripts\youtube_gallery_nicegui\pages\xbox_download_videos\downloaded_media3\Short_6e4ce43e-fa88-4fe3-b373-0ca9531c00e2_20251208_113838.mp4,0:00:59,40.63015842437744,1080x1920
Short_6f56951d-607d-422d-ae7f-3c8d14673017_20260125_123250.mp4,C:\discolocal\PROYECTOS\PYTHON\YouTube Upload Python\scripts\youtube_gallery_nicegui\pages\xbox_download_videos\downloaded_media1\Short_6f56951d-607d-422d-ae7f-3c8d14673017_20260125_123250.mp4,0:00:59,56.95240306854248,1080x1920
Short_7055c759-9d32-439b-a98a-be3d099bf52f_20260102_095242.mp4,C:\discolocal\PROYECTOS\PYTHON\YouTube Upload Python\scripts\youtube_gallery_nicegui\pages\xbox_download_videos\downloaded_media4\Short_7055c759-9d32-439b-a98a-be3d099bf52f_20260102_095242.mp4,0:00:57,33.43396759033203,1080x1920
Short_7088425a-7cbe-41ac-9c12-cbc542629b48_20251211_202932.mp4,C:\discolocal\PROYECTOS\PYTHON\YouTube Upload Python\scripts\youtube_gallery_nicegui\pages\xbox_download_videos\downloaded_media3\Short_7088425a-7cbe-41ac-9c12-cbc542629b48_20251211_202932.mp4,0:01:00,31.77273178100586,1080x1920
Short_7222dc39-743f-4b37-bbe9-4ea4b6f370e6_part01_20260101_221529.mp4,C:\discolocal\PROYECTOS\PYTHON\YouTube Upload Python\scripts\youtube_gallery_nicegui\pages\xbox_download_videos\downloaded_media4\Short_7222dc39-743f-4b37-bbe9-4ea4b6f370e6_part01_20260101_221529.mp4,0:00:30,33.75002098083496,1080x1920
Short_72d1b1f6-a633-4d87-834b-d8084c46dd90_20260125_124348.mp4,C:\discolocal\PROYECTOS\PYTHON\YouTube Upload Python\scripts\youtube_gallery_nicegui\pages\xbox_download_videos\downloaded_media1\Short_72d1b1f6-a633-4d87-834b-d8084c46dd90_20260125_124348.mp4,0:00:59,48.80401420593262,1080x1920
Short_755c015a-febd-4ae1-b16e-03e8478a7370_20260131_113232.mp4,C:\discolocal\PROYECTOS\PYTHON\YouTube Upload Python\scripts\youtube_gallery_nicegui\pages\xbox_download_videos\downloaded_media\Short_755c015a-febd-4ae1-b16e-03e8478a7370_20260131_113232.mp4,0:00:59,35.31180953979492,1080x1920
Short_75a5d2dc-ff1d-4f8a-b0ae-de9cbc49a08d_20251208_112629.mp4,C:\discolocal\PROYECTOS\PYTHON\YouTube Upload Python\scripts\youtube_gallery_nicegui\pages\xbox_download_videos\downloaded_media3\Short_75a5d2dc-ff1d-4f8a-b0ae-de9cbc49a08d_20251208_112629.mp4,0:00:59,30.97994327545166,1080x1920
Short_76e88897-8955-48b8-ba56-2d0689637ac4_20251215_035510.mp4,C:\discolocal\PROYECTOS\PYTHON\YouTube Upload Python\scripts\youtube_gallery_nicegui\pages\xbox_download_videos\downloaded_media4\Short_76e88897-8955-48b8-ba56-2d0689637ac4_20251215_035510.mp4,0:00:59,27.482614517211914,1080x1920
Short_76e88897-8955-48b8-ba56-2d0689637ac4_20251219_223344.mp4,C:\discolocal\PROYECTOS\PYTHON\YouTube Upload Python\scripts\youtube_gallery_nicegui\pages\xbox_download_videos\downloaded_media4\Short_76e88897-8955-48b8-ba56-2d0689637ac4_20251219_223344.mp4,0:00:59,27.482614517211914,1080x1920
Short_79460f2f-8b55-4e63-86d0-5d069fb568e2_20251215_032630.mp4,C:\discolocal\PROYECTOS\PYTHON\YouTube Upload Python\scripts\youtube_gallery_nicegui\pages\xbox_download_videos\downloaded_media4\Short_79460f2f-8b55-4e63-86d0-5d069fb568e2_20251215_032630.mp4,0:00:59,40.013938903808594,1080x1920
Short_79460f2f-8b55-4e63-86d0-5d069fb568e2_20251219_201801.mp4,C:\discolocal\PROYECTOS\PYTHON\YouTube Upload Python\scripts\youtube_gallery_nicegui\pages\xbox_download_videos\downloaded_media4\Short_79460f2f-8b55-4e63-86d0-5d069fb568e2_20251219_201801.mp4,0:00:59,40.013938903808594,1080x1920
Short_7b97bdf3-409b-4ec3-b3ed-f9cd2c3c2b4a_part01_20260101_221529.mp4,C:\discolocal\PROYECTOS\PYTHON\YouTube Upload Python\scripts\youtube_gallery_nicegui\pages\xbox_download_videos\downloaded_media4\Short_7b97bdf3-409b-4ec3-b3ed-f9cd2c3c2b4a_part01_20260101_221529.mp4,0:00:30,23.97238826751709,1080x1920
Short_7bcbed44-43a0-4055-92ba-d2365cf56b94_20260125_124113.mp4,C:\discolocal\PROYECTOS\PYTHON\YouTube Upload Python\scripts\youtube_gallery_nicegui\pages\xbox_download_videos\downloaded_media1\Short_7bcbed44-43a0-4055-92ba-d2365cf56b94_20260125_124113.mp4,0:00:57,45.69908809661865,1080x1920
Short_7c01ca7c-0396-47fe-8818-4a87b8425d47_20251215_030527.mp4,C:\discolocal\PROYECTOS\PYTHON\YouTube Upload Python\scripts\youtube_gallery_nicegui\pages\xbox_download_videos\downloaded_media4\Short_7c01ca7c-0396-47fe-8818-4a87b8425d47_20251215_030527.mp4,0:00:59,28.895434379577637,1080x1920
Short_7c01ca7c-0396-47fe-8818-4a87b8425d47_20251219_203152.mp4,C:\discolocal\PROYECTOS\PYTHON\YouTube Upload Python\scripts\youtube_gallery_nicegui\pages\xbox_download_videos\downloaded_media4\Short_7c01ca7c-0396-47fe-8818-4a87b8425d47_20251219_203152.mp4,0:00:59,28.895434379577637,1080x1920
Short_7c0954bf-196c-4dab-9d85-4996e7c8a428_20260102_095455.mp4,C:\discolocal\PROYECTOS\PYTHON\YouTube Upload Python\scripts\youtube_gallery_nicegui\pages\xbox_download_videos\downloaded_media4\Short_7c0954bf-196c-4dab-9d85-4996e7c8a428_20260102_095455.mp4,0:00:59,42.628292083740234,1080x1920
Short_7c6cb2a1-cf64-4cad-9906-040e270664bd_20251130_200047.mp4,C:\discolocal\PROYECTOS\PYTHON\YouTube Upload Python\scripts\youtube_gallery_nicegui\pages\xbox_download_videos\downloaded_media2\Short_7c6cb2a1-cf64-4cad-9906-040e270664bd_20251130_200047.mp4,0:00:59,50.20684051513672,1080x1920
Short_7c93d02f-11e0-4969-add2-4ea58500c069_part01_20260101_221530.mp4,C:\discolocal\PROYECTOS\PYTHON\YouTube Upload Python\scripts\youtube_gallery_nicegui\pages\xbox_download_videos\downloaded_media4\Short_7c93d02f-11e0-4969-add2-4ea58500c069_part01_20260101_221530.mp4,0:00:30,43.39783573150635,1080x1920
Short_7d33c6c9-006b-42a5-a8f5-95e9abad54cc_20251208_114143.mp4,C:\discolocal\PROYECTOS\PYTHON\YouTube Upload Python\scripts\youtube_gallery_nicegui\pages\xbox_download_videos\downloaded_media3\Short_7d33c6c9-006b-42a5-a8f5-95e9abad54cc_20251208_114143.mp4,0:00:59,74.99378681182861,1080x1920
Short_7d4ab3d1-2e32-49f9-8fdd-fa2b729fec34_20260125_121544.mp4,C:\discolocal\PROYECTOS\PYTHON\YouTube Upload Python\scripts\youtube_gallery_nicegui\pages\xbox_download_videos\downloaded_media1\Short_7d4ab3d1-2e32-49f9-8fdd-fa2b729fec34_20260125_121544.mp4,0:00:59,63.113884925842285,1080x1920
Short_7f9b65af-adad-4fd1-a237-c9e9a831ee2e_20251129_220726.mp4,C:\discolocal\PROYECTOS\PYTHON\YouTube Upload Python\videos\Short_7f9b65af-adad-4fd1-a237-c9e9a831ee2e_20251129_220726.mp4,0:00:16,8.374783515930176,1080x1920
Short_7fb2efc6-a3d9-43ca-a9e7-104dd57befcb_part01_20260101_221529.mp4,C:\discolocal\PROYECTOS\PYTHON\YouTube Upload Python\scripts\youtube_gallery_nicegui\pages\xbox_download_videos\downloaded_media4\Short_7fb2efc6-a3d9-43ca-a9e7-104dd57befcb_part01_20260101_221529.mp4,0:00:30,33.68548011779785,1080x1920
Short_804f138e-a5fa-43b8-a1e8-18beb7f4c5ed_20251215_035732.mp4,C:\discolocal\PROYECTOS\PYTHON\YouTube Upload Python\scripts\youtube_gallery_nicegui\pages\xbox_download_videos\downloaded_media4\Short_804f138e-a5fa-43b8-a1e8-18beb7f4c5ed_20251215_035732.mp4,0:00:59,43.14426136016846,1080x1920
Short_804f138e-a5fa-43b8-a1e8-18beb7f4c5ed_20251219_203417.mp4,C:\discolocal\PROYECTOS\PYTHON\YouTube Upload Python\scripts\youtube_gallery_nicegui\pages\xbox_download_videos\downloaded_media4\Short_804f138e-a5fa-43b8-a1e8-18beb7f4c5ed_20251219_203417.mp4,0:00:59,43.14426136016846,1080x1920
Short_80642043-f253-4801-aefc-4a9fda45ba82_20251130_194434.mp4,C:\discolocal\PROYECTOS\PYTHON\YouTube Upload Python\scripts\youtube_gallery_nicegui\pages\xbox_download_videos\downloaded_media2\Short_80642043-f253-4801-aefc-4a9fda45ba82_20251130_194434.mp4,0:00:59,56.105770111083984,1080x1920
Short_839a04ad-b64e-4596-beea-b83e68493527_20260125_123549.mp4,C:\discolocal\PROYECTOS\PYTHON\YouTube Upload Python\scripts\youtube_gallery_nicegui\pages\xbox_download_videos\downloaded_media1\Short_839a04ad-b64e-4596-beea-b83e68493527_20260125_123549.mp4,0:00:59,54.057390213012695,1080x1920
Short_83c15fa2-4e08-4cd8-ae24-6b82a4b87d02_20260106_180355.mp4,C:\discolocal\PROYECTOS\PYTHON\YouTube Upload Python\scripts\youtube_gallery_nicegui\pages\xbox_download_videos\downloaded_media1\Short_83c15fa2-4e08-4cd8-ae24-6b82a4b87d02_20260106_180355.mp4,0:00:59,50.213969230651855,1080x1920
Short_83e87d34-84fa-4d31-96a5-2c2826df4891_20260131_122439.mp4,C:\discolocal\PROYECTOS\PYTHON\YouTube Upload Python\scripts\youtube_gallery_nicegui\pages\xbox_download_videos\downloaded_media\Short_83e87d34-84fa-4d31-96a5-2c2826df4891_20260131_122439.mp4,0:00:59,53.928422927856445,1080x1920
Short_841532ac-1845-4e84-aedd-edcd651b170d_20251219_223136.mp4,C:\discolocal\PROYECTOS\PYTHON\YouTube Upload Python\scripts\youtube_gallery_nicegui\pages\xbox_download_videos\downloaded_media4\Short_841532ac-1845-4e84-aedd-edcd651b170d_20251219_223136.mp4,0:00:59,23.107348442077637,1080x1920
Short_84b690d5-2347-45af-9114-860784e16ca4_20251211_202242.mp4,C:\discolocal\PROYECTOS\PYTHON\YouTube Upload Python\scripts\youtube_gallery_nicegui\pages\xbox_download_videos\downloaded_media3\Short_84b690d5-2347-45af-9114-860784e16ca4_20251211_202242.mp4,0:00:59,41.0070743560791,1080x1920
Short_84bdc998-716c-4a09-aeb8-56cf8cf78969_20260106_181417.mp4,C:\discolocal\PROYECTOS\PYTHON\YouTube Upload Python\scripts\youtube_gallery_nicegui\pages\xbox_download_videos\downloaded_media1\Short_84bdc998-716c-4a09-aeb8-56cf8cf78969_20260106_181417.mp4,0:00:59,43.95848274230957,1080x1920
Short_85950d05-91b6-4a89-b6ca-c1c07290abbb_20251219_225129.mp4,C:\discolocal\PROYECTOS\PYTHON\YouTube Upload Python\scripts\youtube_gallery_nicegui\pages\xbox_download_videos\downloaded_media4\Short_85950d05-91b6-4a89-b6ca-c1c07290abbb_20251219_225129.mp4,0:00:59,32.76904487609863,1080x1920
Short_86-a0222e5d-8972-41b1-855f-a77daae70eb0.mp4,C:\discolocal\PROYECTOS\PYTHON\YouTube Upload Python\videos\Short_86-a0222e5d-8972-41b1-855f-a77daae70eb0.mp4,0:00:29,32.102333068847656,1080x1920
Short_87-fff9749b-3209-4325-bd42-388ec5af2154.mp4,C:\discolocal\PROYECTOS\PYTHON\YouTube Upload Python\videos\Short_87-fff9749b-3209-4325-bd42-388ec5af2154.mp4,0:00:29,21.6837215423584,1080x1920
Short_89f85b11-03d3-43b8-a19d-7ddd46c5996e_20251211_201252.mp4,C:\discolocal\PROYECTOS\PYTHON\YouTube Upload Python\scripts\youtube_gallery_nicegui\pages\xbox_download_videos\downloaded_media3\Short_89f85b11-03d3-43b8-a19d-7ddd46c5996e_20251211_201252.mp4,0:01:00,47.814663887023926,1080x1920
Short_8bc049f8-538c-4c0b-8364-769c50a517ed_part01_20260101_221530.mp4,C:\discolocal\PROYECTOS\PYTHON\YouTube Upload Python\scripts\youtube_gallery_nicegui\pages\xbox_download_videos\downloaded_media4\Short_8bc049f8-538c-4c0b-8364-769c50a517ed_part01_20260101_221530.mp4,0:00:30,27.678544998168945,1080x1920
Short_8d91e560-bbae-4f22-bbaf-c11d496ded63_20251130_153840.mp4,C:\discolocal\PROYECTOS\PYTHON\YouTube Upload Python\videos\Short_8d91e560-bbae-4f22-bbaf-c11d496ded63_20251130_153840.mp4,0:00:59,56.52408409118652,1080x1920
Short_8d91e560-bbae-4f22-bbaf-c11d496ded63_20251130_193022.mp4,C:\discolocal\PROYECTOS\PYTHON\YouTube Upload Python\scripts\youtube_gallery_nicegui\pages\xbox_download_videos\downloaded_media2\Short_8d91e560-bbae-4f22-bbaf-c11d496ded63_20251130_193022.mp4,0:00:59,56.52408409118652,1080x1920
Short_8d9d8df5-16d3-4e18-b76a-7f8c62965bbf_20251130_194736.mp4,C:\discolocal\PROYECTOS\PYTHON\YouTube Upload Python\scripts\youtube_gallery_nicegui\pages\xbox_download_videos\downloaded_media2\Short_8d9d8df5-16d3-4e18-b76a-7f8c62965bbf_20251130_194736.mp4,0:00:59,56.966318130493164,1080x1920
Short_8f02cea3-2358-4562-bce8-38d30fe6acfa_20251215_024640.mp4,C:\discolocal\PROYECTOS\PYTHON\YouTube Upload Python\scripts\youtube_gallery_nicegui\pages\xbox_download_videos\downloaded_media4\Short_8f02cea3-2358-4562-bce8-38d30fe6acfa_20251215_024640.mp4,0:00:59,22.77260398864746,1080x1920
Short_8f02cea3-2358-4562-bce8-38d30fe6acfa_20251219_230043.mp4,C:\discolocal\PROYECTOS\PYTHON\YouTube Upload Python\scripts\youtube_gallery_nicegui\pages\xbox_download_videos\downloaded_media4\Short_8f02cea3-2358-4562-bce8-38d30fe6acfa_20251219_230043.mp4,0:00:59,22.77260398864746,1080x1920
Short_8f0a2e53-d017-46fd-9ea6-db0d4ccc9aa0.mp4,C:\discolocal\PROYECTOS\PYTHON\YouTube Upload Python\videos\Short_8f0a2e53-d017-46fd-9ea6-db0d4ccc9aa0.mp4,0:00:29,27.86509609222412,1080x1920
Short_92400d8a-adb6-4d42-80cf-4ddaca32e34c_part01_20260101_221531.mp4,C:\discolocal\PROYECTOS\PYTHON\YouTube Upload Python\scripts\youtube_gallery_nicegui\pages\xbox_download_videos\downloaded_media4\Short_92400d8a-adb6-4d42-80cf-4ddaca32e34c_part01_20260101_221531.mp4,0:00:30,27.64724349975586,1080x1920
Short_9251f6c6-2bf4-4a57-871d-97ad56a3781f_20260131_123852.mp4,C:\discolocal\PROYECTOS\PYTHON\YouTube Upload Python\scripts\youtube_gallery_nicegui\pages\xbox_download_videos\downloaded_media\Short_9251f6c6-2bf4-4a57-871d-97ad56a3781f_20260131_123852.mp4,0:00:59,50.36341667175293,1080x1920
Short_9297c6ae-2de5-4464-993a-ffa4a3a5d69a_20251215_032918.mp4,C:\discolocal\PROYECTOS\PYTHON\YouTube Upload Python\scripts\youtube_gallery_nicegui\pages\xbox_download_videos\downloaded_media4\Short_9297c6ae-2de5-4464-993a-ffa4a3a5d69a_20251215_032918.mp4,0:00:59,41.0070743560791,1080x1920
Short_9297c6ae-2de5-4464-993a-ffa4a3a5d69a_20251219_221250.mp4,C:\discolocal\PROYECTOS\PYTHON\YouTube Upload Python\scripts\youtube_gallery_nicegui\pages\xbox_download_videos\downloaded_media4\Short_9297c6ae-2de5-4464-993a-ffa4a3a5d69a_20251219_221250.mp4,0:00:59,41.0070743560791,1080x1920
Short_935e3138-0517-4bf1-938c-eb6d4a5e712f_20260131_130507.mp4,C:\discolocal\PROYECTOS\PYTHON\YouTube Upload Python\scripts\youtube_gallery_nicegui\pages\xbox_download_videos\downloaded_media\Short_935e3138-0517-4bf1-938c-eb6d4a5e712f_20260131_130507.mp4,0:00:59,45.64742183685303,1080x1920
Short_94379a68-c869-4173-b6b8-a0414cdb390e_20260125_120520.mp4,C:\discolocal\PROYECTOS\PYTHON\YouTube Upload Python\scripts\youtube_gallery_nicegui\pages\xbox_download_videos\downloaded_media1\Short_94379a68-c869-4173-b6b8-a0414cdb390e_20260125_120520.mp4,0:00:55,46.34627819061279,1080x1920
Short_96ab491b-9afb-4d85-8149-d53ae2212707_20251130_193525.mp4,C:\discolocal\PROYECTOS\PYTHON\YouTube Upload Python\scripts\youtube_gallery_nicegui\pages\xbox_download_videos\downloaded_media2\Short_96ab491b-9afb-4d85-8149-d53ae2212707_20251130_193525.mp4,0:00:59,56.67424201965332,1080x1920
Short_9b0969a0-631b-48ed-b98d-22d3cac7df65_20251130_154113.mp4,C:\discolocal\PROYECTOS\PYTHON\YouTube Upload Python\videos\Short_9b0969a0-631b-48ed-b98d-22d3cac7df65_20251130_154113.mp4,0:00:59,39.412856101989746,1080x1920
Short_9b0969a0-631b-48ed-b98d-22d3cac7df65_20251130_195233.mp4,C:\discolocal\PROYECTOS\PYTHON\YouTube Upload Python\scripts\youtube_gallery_nicegui\pages\xbox_download_videos\downloaded_media2\Short_9b0969a0-631b-48ed-b98d-22d3cac7df65_20251130_195233.mp4,0:00:59,39.412856101989746,1080x1920
Short_9ca0a1b1-0dd8-45af-99b8-31503d059173_part01_20260101_221530.mp4,C:\discolocal\PROYECTOS\PYTHON\YouTube Upload Python\scripts\youtube_gallery_nicegui\pages\xbox_download_videos\downloaded_media4\Short_9ca0a1b1-0dd8-45af-99b8-31503d059173_part01_20260101_221530.mp4,0:00:30,28.266182899475098,1080x1920
Short_9cd88380-0220-42df-8caf-ad0d5206b1b3_20251219_211718.mp4,C:\discolocal\PROYECTOS\PYTHON\YouTube Upload Python\scripts\youtube_gallery_nicegui\pages\xbox_download_videos\downloaded_media4\Short_9cd88380-0220-42df-8caf-ad0d5206b1b3_20251219_211718.mp4,0:00:59,33.72175121307373,1080x1920
Short_9e1f771c-689c-4b8d-85b0-9d81f3fc16c1_part01_20260101_221529.mp4,C:\discolocal\PROYECTOS\PYTHON\YouTube Upload Python\scripts\youtube_gallery_nicegui\pages\xbox_download_videos\downloaded_media4\Short_9e1f771c-689c-4b8d-85b0-9d81f3fc16c1_part01_20260101_221529.mp4,0:00:30,25.95529556274414,1080x1920
Short_9f0d2e9b-1ff4-4d68-a051-9ef09431affe_20260102_093348.mp4,C:\discolocal\PROYECTOS\PYTHON\YouTube Upload Python\scripts\youtube_gallery_nicegui\pages\xbox_download_videos\downloaded_media4\Short_9f0d2e9b-1ff4-4d68-a051-9ef09431affe_20260102_093348.mp4,0:00:50,50.856534004211426,1080x1920
Short_a1515236-9be1-4d77-a8b4-d3580ec16fdb_20251130_195824.mp4,C:\discolocal\PROYECTOS\PYTHON\YouTube Upload Python\scripts\youtube_gallery_nicegui\pages\xbox_download_videos\downloaded_media2\Short_a1515236-9be1-4d77-a8b4-d3580ec16fdb_20251130_195824.mp4,0:00:56,34.23245429992676,1080x1920
Short_a199c40e-ecf2-4e3e-b37e-52c47117a1f1_20251215_030023.mp4,C:\discolocal\PROYECTOS\PYTHON\YouTube Upload Python\scripts\youtube_gallery_nicegui\pages\xbox_download_videos\downloaded_media4\Short_a199c40e-ecf2-4e3e-b37e-52c47117a1f1_20251215_030023.mp4,0:00:59,12.686445236206055,1080x1920
Short_a199c40e-ecf2-4e3e-b37e-52c47117a1f1_20251219_232426.mp4,C:\discolocal\PROYECTOS\PYTHON\YouTube Upload Python\scripts\youtube_gallery_nicegui\pages\xbox_download_videos\downloaded_media4\Short_a199c40e-ecf2-4e3e-b37e-52c47117a1f1_20251219_232426.mp4,0:00:59,12.686445236206055,1080x1920
Short_a2c3d30d-c145-4bd3-90bb-eafb7bd6de12_20251219_204844.mp4,C:\discolocal\PROYECTOS\PYTHON\YouTube Upload Python\scripts\youtube_gallery_nicegui\pages\xbox_download_videos\downloaded_media4\Short_a2c3d30d-c145-4bd3-90bb-eafb7bd6de12_20251219_204844.mp4,0:00:59,37.97742748260498,1080x1920
Short_a49f1c87-4957-4182-bb9a-d10bb983e1d0_20251211_203819.mp4,C:\discolocal\PROYECTOS\PYTHON\YouTube Upload Python\scripts\youtube_gallery_nicegui\pages\xbox_download_videos\downloaded_media3\Short_a49f1c87-4957-4182-bb9a-d10bb983e1d0_20251211_203819.mp4,0:00:59,41.422956466674805,1080x1920
Short_a4fdcd46-dd7e-4308-ae8b-4d89a5f939c6_20260131_105753.mp4,C:\discolocal\PROYECTOS\PYTHON\YouTube Upload Python\scripts\youtube_gallery_nicegui\pages\xbox_download_videos\downloaded_media\Short_a4fdcd46-dd7e-4308-ae8b-4d89a5f939c6_20260131_105753.mp4,0:00:59,42.46072769165039,1080x1920
Short_a5478d64-54ad-4f1f-bc16-d81e286aa73f_20260125_124919.mp4,C:\discolocal\PROYECTOS\PYTHON\YouTube Upload Python\scripts\youtube_gallery_nicegui\pages\xbox_download_videos\downloaded_media1\Short_a5478d64-54ad-4f1f-bc16-d81e286aa73f_20260125_124919.mp4,0:00:59,41.25034141540527,1080x1920
Short_a7aba241-e6a3-49e1-916f-6d8669a59748_20251215_034645.mp4,C:\discolocal\PROYECTOS\PYTHON\YouTube Upload Python\scripts\youtube_gallery_nicegui\pages\xbox_download_videos\downloaded_media4\Short_a7aba241-e6a3-49e1-916f-6d8669a59748_20251215_034645.mp4,0:00:59,30.990118980407715,1080x1920
Short_a7aba241-e6a3-49e1-916f-6d8669a59748_20251219_215231.mp4,C:\discolocal\PROYECTOS\PYTHON\YouTube Upload Python\scripts\youtube_gallery_nicegui\pages\xbox_download_videos\downloaded_media4\Short_a7aba241-e6a3-49e1-916f-6d8669a59748_20251219_215231.mp4,0:00:59,30.990118980407715,1080x1920
Short_a818a5e3-0a8c-489b-a7e2-91cbc40517c8_20251208_104837.mp4,C:\discolocal\PROYECTOS\PYTHON\YouTube Upload Python\scripts\youtube_gallery_nicegui\pages\xbox_download_videos\downloaded_media3\Short_a818a5e3-0a8c-489b-a7e2-91cbc40517c8_20251208_104837.mp4,0:00:59,61.27692413330078,1080x1920
Short_aaaf6fc7-567b-44e2-8192-33dba8df888f_20251130_195030.mp4,C:\discolocal\PROYECTOS\PYTHON\YouTube Upload Python\scripts\youtube_gallery_nicegui\pages\xbox_download_videos\downloaded_media2\Short_aaaf6fc7-567b-44e2-8192-33dba8df888f_20251130_195030.mp4,0:00:59,23.26606845855713,1080x1920
Short_ac288b9b-6069-4b04-95da-2177bc93d46e_20251130_154357.mp4,C:\discolocal\PROYECTOS\PYTHON\YouTube Upload Python\videos\Short_ac288b9b-6069-4b04-95da-2177bc93d46e_20251130_154357.mp4,0:00:59,38.83857536315918,1080x1920
Short_b0e86fd7-98f3-4f97-98c1-8a241c52519d_20251211_202553.mp4,C:\discolocal\PROYECTOS\PYTHON\YouTube Upload Python\scripts\youtube_gallery_nicegui\pages\xbox_download_videos\downloaded_media3\Short_b0e86fd7-98f3-4f97-98c1-8a241c52519d_20251211_202553.mp4,0:00:59,60.1392765045166,1080x1920
Short_b1769b5e-ca47-45f5-9d3c-e8552160582d_part01_20260101_221531.mp4,C:\discolocal\PROYECTOS\PYTHON\YouTube Upload Python\scripts\youtube_gallery_nicegui\pages\xbox_download_videos\downloaded_media4\Short_b1769b5e-ca47-45f5-9d3c-e8552160582d_part01_20260101_221531.mp4,0:00:30,19.130789756774902,1080x1920
Short_b32e2770-470a-4d12-b35a-4d85dad88e4c_part01_20260101_221529.mp4,C:\discolocal\PROYECTOS\PYTHON\YouTube Upload Python\scripts\youtube_gallery_nicegui\pages\xbox_download_videos\downloaded_media4\Short_b32e2770-470a-4d12-b35a-4d85dad88e4c_part01_20260101_221529.mp4,0:00:30,18.221674919128418,1080x1920
Short_b34de50f-c660-4ed5-9a72-d3e48a9b4763_20251211_200137.mp4,C:\discolocal\PROYECTOS\PYTHON\YouTube Upload Python\scripts\youtube_gallery_nicegui\pages\xbox_download_videos\downloaded_media3\Short_b34de50f-c660-4ed5-9a72-d3e48a9b4763_20251211_200137.mp4,0:00:59,32.76904487609863,1080x1920
Short_b36c4835-67d0-4d70-bf09-59d83a48fe07_part01_20260101_221531.mp4,C:\discolocal\PROYECTOS\PYTHON\YouTube Upload Python\scripts\youtube_gallery_nicegui\pages\xbox_download_videos\downloaded_media4\Short_b36c4835-67d0-4d70-bf09-59d83a48fe07_part01_20260101_221531.mp4,0:00:30,25.347168922424316,1080x1920
Short_b3fa7881-4f30-417f-91e9-747d28106591_20260125_123836.mp4,C:\discolocal\PROYECTOS\PYTHON\YouTube Upload Python\scripts\youtube_gallery_nicegui\pages\xbox_download_videos\downloaded_media1\Short_b3fa7881-4f30-417f-91e9-747d28106591_20260125_123836.mp4,0:00:59,43.13018608093262,1080x1920
Short_b593a2e9-6a51-46be-b2da-8eff211b3224_20251215_025136.mp4,C:\discolocal\PROYECTOS\PYTHON\YouTube Upload Python\scripts\youtube_gallery_nicegui\pages\xbox_download_videos\downloaded_media4\Short_b593a2e9-6a51-46be-b2da-8eff211b3224_20251215_025136.mp4,0:00:59,30.97994327545166,1080x1920
Short_b593a2e9-6a51-46be-b2da-8eff211b3224_20251219_212757.mp4,C:\discolocal\PROYECTOS\PYTHON\YouTube Upload Python\scripts\youtube_gallery_nicegui\pages\xbox_download_videos\downloaded_media4\Short_b593a2e9-6a51-46be-b2da-8eff211b3224_20251219_212757.mp4,0:00:59,30.97994327545166,1080x1920
Short_b5bfb90b-b039-4291-8167-41aba12c33bd_20251215_030211.mp4,C:\discolocal\PROYECTOS\PYTHON\YouTube Upload Python\scripts\youtube_gallery_nicegui\pages\xbox_download_videos\downloaded_media4\Short_b5bfb90b-b039-4291-8167-41aba12c33bd_20251215_030211.mp4,0:00:59,47.722150802612305,1080x1920
Short_b5bfb90b-b039-4291-8167-41aba12c33bd_20251219_232153.mp4,C:\discolocal\PROYECTOS\PYTHON\YouTube Upload Python\scripts\youtube_gallery_nicegui\pages\xbox_download_videos\downloaded_media4\Short_b5bfb90b-b039-4291-8167-41aba12c33bd_20251219_232153.mp4,0:00:59,47.722150802612305,1080x1920
Short_b5df13d3-44be-4d3e-9316-11f399669578_20251215_035251.mp4,C:\discolocal\PROYECTOS\PYTHON\YouTube Upload Python\scripts\youtube_gallery_nicegui\pages\xbox_download_videos\downloaded_media4\Short_b5df13d3-44be-4d3e-9316-11f399669578_20251215_035251.mp4,0:01:00,26.961240768432617,1080x1920
Short_b5df13d3-44be-4d3e-9316-11f399669578_20251219_210338.mp4,C:\discolocal\PROYECTOS\PYTHON\YouTube Upload Python\scripts\youtube_gallery_nicegui\pages\xbox_download_videos\downloaded_media4\Short_b5df13d3-44be-4d3e-9316-11f399669578_20251219_210338.mp4,0:01:00,26.961240768432617,1080x1920
Short_b77308a2-72ef-49e8-9811-08cf31ec0fa4_part01_20260101_221530.mp4,C:\discolocal\PROYECTOS\PYTHON\YouTube Upload Python\scripts\youtube_gallery_nicegui\pages\xbox_download_videos\downloaded_media4\Short_b77308a2-72ef-49e8-9811-08cf31ec0fa4_part01_20260101_221530.mp4,0:00:30,7.257726669311523,1080x1920
Short_b8022f19-6746-4371-b828-f3a61caab9b9_20251203_172650.mp4,C:\discolocal\PROYECTOS\PYTHON\YouTube Upload Python\scripts\youtube_gallery_nicegui\pages\xbox_download_videos\downloaded_media2\Short_b8022f19-6746-4371-b828-f3a61caab9b9_20251203_172650.mp4,0:00:59,50.620415687561035,1080x1920
Short_b9fd85ff-9807-4f75-a0c8-d42471931f71_20251211_204731.mp4,C:\discolocal\PROYECTOS\PYTHON\YouTube Upload Python\scripts\youtube_gallery_nicegui\pages\xbox_download_videos\downloaded_media3\Short_b9fd85ff-9807-4f75-a0c8-d42471931f71_20251211_204731.mp4,0:00:59,23.085700035095215,1080x1920
Short_bfe960bb-dd17-4263-a5cf-1fb6249f6fe7_20251215_033213.mp4,C:\discolocal\PROYECTOS\PYTHON\YouTube Upload Python\scripts\youtube_gallery_nicegui\pages\xbox_download_videos\downloaded_media4\Short_bfe960bb-dd17-4263-a5cf-1fb6249f6fe7_20251215_033213.mp4,0:00:59,54.4925594329834,1080x1920
Short_bfe960bb-dd17-4263-a5cf-1fb6249f6fe7_20251219_202023.mp4,C:\discolocal\PROYECTOS\PYTHON\YouTube Upload Python\scripts\youtube_gallery_nicegui\pages\xbox_download_videos\downloaded_media4\Short_bfe960bb-dd17-4263-a5cf-1fb6249f6fe7_20251219_202023.mp4,0:00:59,54.4925594329834,1080x1920
Short_c16720f1-a6fb-4d54-8526-e351af64835e_20251215_023823.mp4,C:\discolocal\PROYECTOS\PYTHON\YouTube Upload Python\scripts\youtube_gallery_nicegui\pages\xbox_download_videos\downloaded_media4\Short_c16720f1-a6fb-4d54-8526-e351af64835e_20251215_023823.mp4,0:00:59,50.891690254211426,1080x1920
Short_c16720f1-a6fb-4d54-8526-e351af64835e_20251219_202757.mp4,C:\discolocal\PROYECTOS\PYTHON\YouTube Upload Python\scripts\youtube_gallery_nicegui\pages\xbox_download_videos\downloaded_media4\Short_c16720f1-a6fb-4d54-8526-e351af64835e_20251219_202757.mp4,0:00:59,50.891690254211426,1080x1920
Short_c18b8921-4d5c-4c04-bc3d-954bfc9c7b59_20260125_122941.mp4,C:\discolocal\PROYECTOS\PYTHON\YouTube Upload Python\scripts\youtube_gallery_nicegui\pages\xbox_download_videos\downloaded_media1\Short_c18b8921-4d5c-4c04-bc3d-954bfc9c7b59_20260125_122941.mp4,0:00:59,60.87723350524902,1080x1920
Short_c1aa06ea-9323-4c02-9de0-3bff2045bd86_20260131_125257.mp4,C:\discolocal\PROYECTOS\PYTHON\YouTube Upload Python\scripts\youtube_gallery_nicegui\pages\xbox_download_videos\downloaded_media\Short_c1aa06ea-9323-4c02-9de0-3bff2045bd86_20260131_125257.mp4,0:00:59,34.145554542541504,1080x1920
Short_c4d74521-d180-4788-8cbc-0273ca045133_20260131_111130.mp4,C:\discolocal\PROYECTOS\PYTHON\YouTube Upload Python\scripts\youtube_gallery_nicegui\pages\xbox_download_videos\downloaded_media\Short_c4d74521-d180-4788-8cbc-0273ca045133_20260131_111130.mp4,0:00:59,40.79473304748535,1080x1920
Short_c5331c0e-c18b-4b76-893c-452b3b2f2e7d_20251215_040330.mp4,C:\discolocal\PROYECTOS\PYTHON\YouTube Upload Python\scripts\youtube_gallery_nicegui\pages\xbox_download_videos\downloaded_media4\Short_c5331c0e-c18b-4b76-893c-452b3b2f2e7d_20251215_040330.mp4,0:00:59,40.88548469543457,1080x1920
Short_c5331c0e-c18b-4b76-893c-452b3b2f2e7d_20251219_232551.mp4,C:\discolocal\PROYECTOS\PYTHON\YouTube Upload Python\scripts\youtube_gallery_nicegui\pages\xbox_download_videos\downloaded_media4\Short_c5331c0e-c18b-4b76-893c-452b3b2f2e7d_20251219_232551.mp4,0:00:59,40.88548469543457,1080x1920
Short_c6173845-a774-45f3-9678-d0251c5a781a_20251215_024208.mp4,C:\discolocal\PROYECTOS\PYTHON\YouTube Upload Python\scripts\youtube_gallery_nicegui\pages\xbox_download_videos\downloaded_media4\Short_c6173845-a774-45f3-9678-d0251c5a781a_20251215_024208.mp4,0:00:59,20.988961219787598,1080x1920
Short_c6173845-a774-45f3-9678-d0251c5a781a_20251219_233355.mp4,C:\discolocal\PROYECTOS\PYTHON\YouTube Upload Python\scripts\youtube_gallery_nicegui\pages\xbox_download_videos\downloaded_media4\Short_c6173845-a774-45f3-9678-d0251c5a781a_20251219_233355.mp4,0:00:59,20.988961219787598,1080x1920
Short_c6252324-f35b-4815-9775-d1a681c63da0_part01_20260101_221530.mp4,C:\discolocal\PROYECTOS\PYTHON\YouTube Upload Python\scripts\youtube_gallery_nicegui\pages\xbox_download_videos\downloaded_media4\Short_c6252324-f35b-4815-9775-d1a681c63da0_part01_20260101_221530.mp4,0:00:30,26.23508358001709,1080x1920
Short_c6252324-f35b-4815-9775-d1a681c63da0_part02_20260101_221530.mp4,C:\discolocal\PROYECTOS\PYTHON\YouTube Upload Python\scripts\youtube_gallery_nicegui\pages\xbox_download_videos\downloaded_media4\Short_c6252324-f35b-4815-9775-d1a681c63da0_part02_20260101_221530.mp4,0:00:30,23.200668334960938,1080x1920
Short_c7622e42-91fa-4d77-8d00-d207f7558ff0_20260125_120945.mp4,C:\discolocal\PROYECTOS\PYTHON\YouTube Upload Python\scripts\youtube_gallery_nicegui\pages\xbox_download_videos\downloaded_media1\Short_c7622e42-91fa-4d77-8d00-d207f7558ff0_20260125_120945.mp4,0:00:59,26.564523696899414,1080x1920
Short_ca644553-dd08-4d08-b616-cceec6bd2962_20251215_040638.mp4,C:\discolocal\PROYECTOS\PYTHON\YouTube Upload Python\scripts\youtube_gallery_nicegui\pages\xbox_download_videos\downloaded_media4\Short_ca644553-dd08-4d08-b616-cceec6bd2962_20251215_040638.mp4,0:00:59,47.97517681121826,1080x1920
Short_ca644553-dd08-4d08-b616-cceec6bd2962_20251219_213036.mp4,C:\discolocal\PROYECTOS\PYTHON\YouTube Upload Python\scripts\youtube_gallery_nicegui\pages\xbox_download_videos\downloaded_media4\Short_ca644553-dd08-4d08-b616-cceec6bd2962_20251219_213036.mp4,0:00:59,47.97517681121826,1080x1920
Short_cb471123-3927-42ab-a73e-b502307013a1_20260131_103313.mp4,C:\discolocal\PROYECTOS\PYTHON\YouTube Upload Python\scripts\youtube_gallery_nicegui\pages\xbox_download_videos\downloaded_media\Short_cb471123-3927-42ab-a73e-b502307013a1_20260131_103313.mp4,0:00:59,41.663312911987305,1080x1920
Short_ce2ee4f1-7be8-49e1-b3ea-e62730bb727e_part01_20260101_221530.mp4,C:\discolocal\PROYECTOS\PYTHON\YouTube Upload Python\scripts\youtube_gallery_nicegui\pages\xbox_download_videos\downloaded_media4\Short_ce2ee4f1-7be8-49e1-b3ea-e62730bb727e_part01_20260101_221530.mp4,0:00:30,26.538223266601562,1080x1920
Short_ce2ee4f1-7be8-49e1-b3ea-e62730bb727e_part02_20260101_221530.mp4,C:\discolocal\PROYECTOS\PYTHON\YouTube Upload Python\scripts\youtube_gallery_nicegui\pages\xbox_download_videos\downloaded_media4\Short_ce2ee4f1-7be8-49e1-b3ea-e62730bb727e_part02_20260101_221530.mp4,0:00:30,28.752066612243652,1080x1920
Short_ce79b6df-50bf-4f55-afc5-3c8c234437ff_20251215_025750.mp4,C:\discolocal\PROYECTOS\PYTHON\YouTube Upload Python\scripts\youtube_gallery_nicegui\pages\xbox_download_videos\downloaded_media4\Short_ce79b6df-50bf-4f55-afc5-3c8c234437ff_20251215_025750.mp4,0:00:59,34.994601249694824,1080x1920
Short_ce79b6df-50bf-4f55-afc5-3c8c234437ff_20251219_211455.mp4,C:\discolocal\PROYECTOS\PYTHON\YouTube Upload Python\scripts\youtube_gallery_nicegui\pages\xbox_download_videos\downloaded_media4\Short_ce79b6df-50bf-4f55-afc5-3c8c234437ff_20251219_211455.mp4,0:00:59,34.994601249694824,1080x1920
Short_cea9d18d-1ff3-4300-827c-d4b6646ba501_20260125_124631.mp4,C:\discolocal\PROYECTOS\PYTHON\YouTube Upload Python\scripts\youtube_gallery_nicegui\pages\xbox_download_videos\downloaded_media1\Short_cea9d18d-1ff3-4300-827c-d4b6646ba501_20260125_124631.mp4,0:00:59,46.660569190979004,1080x1920
Short_cfe98a84-8ced-42bf-82ad-928e22ef5cec_part01_20260101_221529.mp4,C:\discolocal\PROYECTOS\PYTHON\YouTube Upload Python\scripts\youtube_gallery_nicegui\pages\xbox_download_videos\downloaded_media4\Short_cfe98a84-8ced-42bf-82ad-928e22ef5cec_part01_20260101_221529.mp4,0:00:30,44.66454219818115,1080x1920
Short_cxzcxzcmerged_video.mp4,C:\discolocal\PROYECTOS\PYTHON\YouTube Upload Python\scripts\youtube_gallery_nicegui\pages\xbox_download_videos\downloaded_media1\Short_cxzcxzcmerged_video.mp4,0:03:58,161.6002082824707,1080x1920
Short_d1bee974-4a25-4848-bb77-0ef1e151a966_20251208_110832.mp4,C:\discolocal\PROYECTOS\PYTHON\YouTube Upload Python\scripts\youtube_gallery_nicegui\pages\xbox_download_videos\downloaded_media3\Short_d1bee974-4a25-4848-bb77-0ef1e151a966_20251208_110832.mp4,0:00:59,75.83119773864746,1080x1920
Short_d69a5f13-43e3-481b-be51-51b158ecebcd_20260102_093630.mp4,C:\discolocal\PROYECTOS\PYTHON\YouTube Upload Python\scripts\youtube_gallery_nicegui\pages\xbox_download_videos\downloaded_media4\Short_d69a5f13-43e3-481b-be51-51b158ecebcd_20260102_093630.mp4,0:00:44,29.410847663879395,1080x1920
Short_d7792273-2d31-4acf-9717-36aca8dfa8f8_20251130_123725.mp4,C:\discolocal\PROYECTOS\PYTHON\YouTube Upload Python\videos\Short_d7792273-2d31-4acf-9717-36aca8dfa8f8_20251130_123725.mp4,0:00:59,60.11782264709473,1080x1920
Short_d8cfc05f-513e-4c9d-8229-c25001fdc8ab_20251208_111227.mp4,C:\discolocal\PROYECTOS\PYTHON\YouTube Upload Python\scripts\youtube_gallery_nicegui\pages\xbox_download_videos\downloaded_media3\Short_d8cfc05f-513e-4c9d-8229-c25001fdc8ab_20251208_111227.mp4,0:00:59,49.23125743865967,1080x1920
Short_d9972e79-3706-452d-a7db-ef787ff20acf_20251211_204123.mp4,C:\discolocal\PROYECTOS\PYTHON\YouTube Upload Python\scripts\youtube_gallery_nicegui\pages\xbox_download_videos\downloaded_media3\Short_d9972e79-3706-452d-a7db-ef787ff20acf_20251211_204123.mp4,0:00:59,47.722150802612305,1080x1920
Short_dc77f8fd-19d8-482c-ad5a-b028db405f97_20260106_175202.mp4,C:\discolocal\PROYECTOS\PYTHON\YouTube Upload Python\scripts\youtube_gallery_nicegui\pages\xbox_download_videos\downloaded_media1\Short_dc77f8fd-19d8-482c-ad5a-b028db405f97_20260106_175202.mp4,0:00:59,41.164255142211914,1080x1920
Short_dd87ac61-84a0-4dd6-8d3f-f52e317b5d8c_20260125_122412.mp4,C:\discolocal\PROYECTOS\PYTHON\YouTube Upload Python\scripts\youtube_gallery_nicegui\pages\xbox_download_videos\downloaded_media1\Short_dd87ac61-84a0-4dd6-8d3f-f52e317b5d8c_20260125_122412.mp4,0:00:59,45.71414279937744,1080x1920
Short_ddf28d73-cc0d-4945-9d21-0ab7ad073a1a_20251215_034920.mp4,C:\discolocal\PROYECTOS\PYTHON\YouTube Upload Python\scripts\youtube_gallery_nicegui\pages\xbox_download_videos\downloaded_media4\Short_ddf28d73-cc0d-4945-9d21-0ab7ad073a1a_20251215_034920.mp4,0:00:59,73.91884422302246,1080x1920
Short_ddf28d73-cc0d-4945-9d21-0ab7ad073a1a_20251219_231135.mp4,C:\discolocal\PROYECTOS\PYTHON\YouTube Upload Python\scripts\youtube_gallery_nicegui\pages\xbox_download_videos\downloaded_media4\Short_ddf28d73-cc0d-4945-9d21-0ab7ad073a1a_20251219_231135.mp4,0:00:59,73.91884422302246,1080x1920
Short_df2b9bc5-2391-4932-bbc3-efa46ec049f6_part01_20260101_221530.mp4,C:\discolocal\PROYECTOS\PYTHON\YouTube Upload Python\scripts\youtube_gallery_nicegui\pages\xbox_download_videos\downloaded_media4\Short_df2b9bc5-2391-4932-bbc3-efa46ec049f6_part01_20260101_221530.mp4,0:00:30,27.410625457763672,1080x1920
Short_dfb4bb72-2135-4714-bdbb-2fa666ad9205_part01_20260101_221530.mp4,C:\discolocal\PROYECTOS\PYTHON\YouTube Upload Python\scripts\youtube_gallery_nicegui\pages\xbox_download_videos\downloaded_media4\Short_dfb4bb72-2135-4714-bdbb-2fa666ad9205_part01_20260101_221530.mp4,0:00:30,11.494415283203125,1080x1920
Short_dff5e183-a8c8-4668-8bbe-584612c2ed5f_20260102_095730.mp4,C:\discolocal\PROYECTOS\PYTHON\YouTube Upload Python\scripts\youtube_gallery_nicegui\pages\xbox_download_videos\downloaded_media4\Short_dff5e183-a8c8-4668-8bbe-584612c2ed5f_20260102_095730.mp4,0:00:57,36.293996810913086,1080x1920
Short_e0d2ea89-2d03-47de-9249-7848d0b5638b_20251130_123505.mp4,C:\discolocal\PROYECTOS\PYTHON\YouTube Upload Python\videos\Short_e0d2ea89-2d03-47de-9249-7848d0b5638b_20251130_123505.mp4,0:00:59,31.659844398498535,1080x1920
Short_e496e186-f119-4a2c-9e2b-d6e08ed5aebe_part01_20260101_221529.mp4,C:\discolocal\PROYECTOS\PYTHON\YouTube Upload Python\scripts\youtube_gallery_nicegui\pages\xbox_download_videos\downloaded_media4\Short_e496e186-f119-4a2c-9e2b-d6e08ed5aebe_part01_20260101_221529.mp4,0:00:30,20.03674030303955,1080x1920
Short_e6a686c4-2fcf-4706-92cb-7307d8c9caeb_20260131_103023.mp4,C:\discolocal\PROYECTOS\PYTHON\YouTube Upload Python\scripts\youtube_gallery_nicegui\pages\xbox_download_videos\downloaded_media\Short_e6a686c4-2fcf-4706-92cb-7307d8c9caeb_20260131_103023.mp4,0:00:59,40.83975791931152,1080x1920
Short_e766e6a1-151f-4c10-9088-2007807fc013_20260125_121842.mp4,C:\discolocal\PROYECTOS\PYTHON\YouTube Upload Python\scripts\youtube_gallery_nicegui\pages\xbox_download_videos\downloaded_media1\Short_e766e6a1-151f-4c10-9088-2007807fc013_20260125_121842.mp4,0:00:59,51.4439640045166,1080x1920
Short_e820751d-010b-4354-bdde-139ae5a4ea5e_20251130_123141.mp4,C:\discolocal\PROYECTOS\PYTHON\YouTube Upload Python\videos\Short_e820751d-010b-4354-bdde-139ae5a4ea5e_20251130_123141.mp4,0:00:59,52.04299354553223,1080x1920
Short_e93a10b6-c7a3-4dcd-8990-729deda070db_20251215_023556.mp4,C:\discolocal\PROYECTOS\PYTHON\YouTube Upload Python\scripts\youtube_gallery_nicegui\pages\xbox_download_videos\downloaded_media4\Short_e93a10b6-c7a3-4dcd-8990-729deda070db_20251215_023556.mp4,0:00:59,38.76505661010742,1080x1920
Short_e93a10b6-c7a3-4dcd-8990-729deda070db_20251219_205454.mp4,C:\discolocal\PROYECTOS\PYTHON\YouTube Upload Python\scripts\youtube_gallery_nicegui\pages\xbox_download_videos\downloaded_media4\Short_e93a10b6-c7a3-4dcd-8990-729deda070db_20251219_205454.mp4,0:00:59,38.76505661010742,1080x1920
Short_eb3d1002-d087-4633-86c1-f8700c317505_20251215_031420.mp4,C:\discolocal\PROYECTOS\PYTHON\YouTube Upload Python\scripts\youtube_gallery_nicegui\pages\xbox_download_videos\downloaded_media4\Short_eb3d1002-d087-4633-86c1-f8700c317505_20251215_031420.mp4,0:00:59,41.422956466674805,1080x1920
Short_eb3d1002-d087-4633-86c1-f8700c317505_20251219_212312.mp4,C:\discolocal\PROYECTOS\PYTHON\YouTube Upload Python\scripts\youtube_gallery_nicegui\pages\xbox_download_videos\downloaded_media4\Short_eb3d1002-d087-4633-86c1-f8700c317505_20251219_212312.mp4,0:00:59,41.422956466674805,1080x1920
Short_eb67890b-d008-467b-994c-45ee0ef211bb_part01_20260101_221530.mp4,C:\discolocal\PROYECTOS\PYTHON\YouTube Upload Python\scripts\youtube_gallery_nicegui\pages\xbox_download_videos\downloaded_media4\Short_eb67890b-d008-467b-994c-45ee0ef211bb_part01_20260101_221530.mp4,0:00:30,25.19478988647461,1080x1920
Short_eb72b847-2bcb-407b-b21d-226eeda5bf56_20260125_122132.mp4,C:\discolocal\PROYECTOS\PYTHON\YouTube Upload Python\scripts\youtube_gallery_nicegui\pages\xbox_download_videos\downloaded_media1\Short_eb72b847-2bcb-407b-b21d-226eeda5bf56_20260125_122132.mp4,0:00:59,36.06136131286621,1080x1920
Short_ec5f7944-996b-49fc-b738-fa32652870be_20260102_100305.mp4,C:\discolocal\PROYECTOS\PYTHON\YouTube Upload Python\scripts\youtube_gallery_nicegui\pages\xbox_download_videos\downloaded_media4\Short_ec5f7944-996b-49fc-b738-fa32652870be_20260102_100305.mp4,0:00:59,57.05436992645264,1080x1920
Short_eda683a1-fc60-44c3-b1e2-40570e6459b1_20251219_214958.mp4,C:\discolocal\PROYECTOS\PYTHON\YouTube Upload Python\scripts\youtube_gallery_nicegui\pages\xbox_download_videos\downloaded_media4\Short_eda683a1-fc60-44c3-b1e2-40570e6459b1_20251219_214958.mp4,0:00:59,32.34783744812012,1080x1920
Short_Enlisted-2026_01_07-16_35_02_20260131_114010.mp4,C:\discolocal\PROYECTOS\PYTHON\YouTube Upload Python\scripts\youtube_gallery_nicegui\pages\xbox_download_videos\downloaded_media\Short_Enlisted-2026_01_07-16_35_02_20260131_114010.mp4,0:00:59,37.42150402069092,1080x1920
Short_Enlisted-2026_01_07-16_38_06_20260131_103617.mp4,C:\discolocal\PROYECTOS\PYTHON\YouTube Upload Python\scripts\youtube_gallery_nicegui\pages\xbox_download_videos\downloaded_media\Short_Enlisted-2026_01_07-16_38_06_20260131_103617.mp4,0:00:59,51.0345401763916,1080x1920
Short_Enlisted-2026_01_07-16_41_16_20260131_124331.mp4,C:\discolocal\PROYECTOS\PYTHON\YouTube Upload Python\scripts\youtube_gallery_nicegui\pages\xbox_download_videos\downloaded_media\Short_Enlisted-2026_01_07-16_41_16_20260131_124331.mp4,0:00:59,48.656676292419434,1080x1920
Short_Enlisted-2026_01_07-16_41_48_20260131_121929.mp4,C:\discolocal\PROYECTOS\PYTHON\YouTube Upload Python\scripts\youtube_gallery_nicegui\pages\xbox_download_videos\downloaded_media\Short_Enlisted-2026_01_07-16_41_48_20260131_121929.mp4,0:00:59,45.73906993865967,1080x1920
Short_Enlisted-2026_01_07-16_44_27_20260131_113009.mp4,C:\discolocal\PROYECTOS\PYTHON\YouTube Upload Python\scripts\youtube_gallery_nicegui\pages\xbox_download_videos\downloaded_media\Short_Enlisted-2026_01_07-16_44_27_20260131_113009.mp4,0:00:59,29.465803146362305,1080x1920
Short_Enlisted-2026_01_07-16_49_56_20260131_120628.mp4,C:\discolocal\PROYECTOS\PYTHON\YouTube Upload Python\scripts\youtube_gallery_nicegui\pages\xbox_download_videos\downloaded_media\Short_Enlisted-2026_01_07-16_49_56_20260131_120628.mp4,0:00:59,30.54248046875,1080x1920
Short_Enlisted-2026_01_07-16_54_07_20260131_124705.mp4,C:\discolocal\PROYECTOS\PYTHON\YouTube Upload Python\scripts\youtube_gallery_nicegui\pages\xbox_download_videos\downloaded_media\Short_Enlisted-2026_01_07-16_54_07_20260131_124705.mp4,0:00:59,28.487597465515137,1080x1920
Short_Enlisted-2026_01_17-17_56_44_20260131_105242.mp4,C:\discolocal\PROYECTOS\PYTHON\YouTube Upload Python\scripts\youtube_gallery_nicegui\pages\xbox_download_videos\downloaded_media\Short_Enlisted-2026_01_17-17_56_44_20260131_105242.mp4,0:00:59,40.91574573516846,1080x1920
Short_Enlisted-2026_01_17-18_31_13_20260131_120853.mp4,C:\discolocal\PROYECTOS\PYTHON\YouTube Upload Python\scripts\youtube_gallery_nicegui\pages\xbox_download_videos\downloaded_media\Short_Enlisted-2026_01_17-18_31_13_20260131_120853.mp4,0:00:59,52.89366340637207,1080x1920
Short_Enlisted-2026_01_17-18_34_12_20260131_125019.mp4,C:\discolocal\PROYECTOS\PYTHON\YouTube Upload Python\scripts\youtube_gallery_nicegui\pages\xbox_download_videos\downloaded_media\Short_Enlisted-2026_01_17-18_34_12_20260131_125019.mp4,0:00:59,37.48097610473633,1080x1920
Short_Enlisted-2026_01_17-18_35_57_20260131_113735.mp4,C:\discolocal\PROYECTOS\PYTHON\YouTube Upload Python\scripts\youtube_gallery_nicegui\pages\xbox_download_videos\downloaded_media\Short_Enlisted-2026_01_17-18_35_57_20260131_113735.mp4,0:00:59,43.39158535003662,1080x1920
Short_Enlisted-2026_01_17-18_37_38_20260131_115851.mp4,C:\discolocal\PROYECTOS\PYTHON\YouTube Upload Python\scripts\youtube_gallery_nicegui\pages\xbox_download_videos\downloaded_media\Short_Enlisted-2026_01_17-18_37_38_20260131_115851.mp4,0:00:59,36.263060569763184,1080x1920
Short_Enlisted-2026_01_17-18_38_28_20260131_100858.mp4,C:\discolocal\PROYECTOS\PYTHON\YouTube Upload Python\scripts\youtube_gallery_nicegui\pages\xbox_download_videos\downloaded_media\Short_Enlisted-2026_01_17-18_38_28_20260131_100858.mp4,0:00:59,39.973995208740234,1080x1920
Short_Enlisted-2026_01_17-18_44_05_20260131_113458.mp4,C:\discolocal\PROYECTOS\PYTHON\YouTube Upload Python\scripts\youtube_gallery_nicegui\pages\xbox_download_videos\downloaded_media\Short_Enlisted-2026_01_17-18_44_05_20260131_113458.mp4,0:00:59,33.35505485534668,1080x1920
Short_Enlisted-2026_01_17-18_45_38_20260131_102035.mp4,C:\discolocal\PROYECTOS\PYTHON\YouTube Upload Python\scripts\youtube_gallery_nicegui\pages\xbox_download_videos\downloaded_media\Short_Enlisted-2026_01_17-18_45_38_20260131_102035.mp4,0:00:59,38.894365310668945,1080x1920
Short_Enlisted-2026_01_17-18_46_44_20260131_122214.mp4,C:\discolocal\PROYECTOS\PYTHON\YouTube Upload Python\scripts\youtube_gallery_nicegui\pages\xbox_download_videos\downloaded_media\Short_Enlisted-2026_01_17-18_46_44_20260131_122214.mp4,0:00:59,24.558005332946777,1080x1920
Short_Enlisted-2026_01_17-18_49_39_20260131_125903.mp4,C:\discolocal\PROYECTOS\PYTHON\YouTube Upload Python\scripts\youtube_gallery_nicegui\pages\xbox_download_videos\downloaded_media\Short_Enlisted-2026_01_17-18_49_39_20260131_125903.mp4,0:00:59,31.724197387695312,1080x1920
Short_Enlisted-2026_01_17-18_55_21_20260131_105521.mp4,C:\discolocal\PROYECTOS\PYTHON\YouTube Upload Python\scripts\youtube_gallery_nicegui\pages\xbox_download_videos\downloaded_media\Short_Enlisted-2026_01_17-18_55_21_20260131_105521.mp4,0:00:59,31.102778434753418,1080x1920
Short_Enlisted-2026_01_17-18_55_51_20260131_114446.mp4,C:\discolocal\PROYECTOS\PYTHON\YouTube Upload Python\scripts\youtube_gallery_nicegui\pages\xbox_download_videos\downloaded_media\Short_Enlisted-2026_01_17-18_55_51_20260131_114446.mp4,0:00:59,25.633087158203125,1080x1920
Short_Enlisted-2026_01_17-19_10_54_20260131_130225.mp4,C:\discolocal\PROYECTOS\PYTHON\YouTube Upload Python\scripts\youtube_gallery_nicegui\pages\xbox_download_videos\downloaded_media\Short_Enlisted-2026_01_17-19_10_54_20260131_130225.mp4,0:00:59,30.328914642333984,1080x1920
Short_Enlisted-2026_01_17-19_13_28_20260131_111704.mp4,C:\discolocal\PROYECTOS\PYTHON\YouTube Upload Python\scripts\youtube_gallery_nicegui\pages\xbox_download_videos\downloaded_media\Short_Enlisted-2026_01_17-19_13_28_20260131_111704.mp4,0:00:59,28.570551872253418,1080x1920
Short_Enlisted-2026_01_17-19_18_40_20260131_112444.mp4,C:\discolocal\PROYECTOS\PYTHON\YouTube Upload Python\scripts\youtube_gallery_nicegui\pages\xbox_download_videos\downloaded_media\Short_Enlisted-2026_01_17-19_18_40_20260131_112444.mp4,0:00:59,37.9737548828125,1080x1920
Short_Enlisted-2026_01_17-19_22_28_20260131_115118.mp4,C:\discolocal\PROYECTOS\PYTHON\YouTube Upload Python\scripts\youtube_gallery_nicegui\pages\xbox_download_videos\downloaded_media\Short_Enlisted-2026_01_17-19_22_28_20260131_115118.mp4,0:00:59,33.070125579833984,1080x1920
Short_Enlisted-2026_01_17-19_29_44_20260131_101502.mp4,C:\discolocal\PROYECTOS\PYTHON\YouTube Upload Python\scripts\youtube_gallery_nicegui\pages\xbox_download_videos\downloaded_media\Short_Enlisted-2026_01_17-19_29_44_20260131_101502.mp4,0:00:59,25.45246410369873,1080x1920
Short_Enlisted-2026_01_17-19_29_59_20260131_121149.mp4,C:\discolocal\PROYECTOS\PYTHON\YouTube Upload Python\scripts\youtube_gallery_nicegui\pages\xbox_download_videos\downloaded_media\Short_Enlisted-2026_01_17-19_29_59_20260131_121149.mp4,0:00:59,26.995176315307617,1080x1920
Short_Enlisted-2026_01_18-12_32_31_20260131_112221.mp4,C:\discolocal\PROYECTOS\PYTHON\YouTube Upload Python\scripts\youtube_gallery_nicegui\pages\xbox_download_videos\downloaded_media\Short_Enlisted-2026_01_18-12_32_31_20260131_112221.mp4,0:00:59,40.83975791931152,1080x1920
Short_Enlisted-2026_01_18-12_33_39_20260131_112731.mp4,C:\discolocal\PROYECTOS\PYTHON\YouTube Upload Python\scripts\youtube_gallery_nicegui\pages\xbox_download_videos\downloaded_media\Short_Enlisted-2026_01_18-12_33_39_20260131_112731.mp4,0:00:59,46.59651565551758,1080x1920
Short_Enlisted-2026_01_18-12_42_24_20260131_121412.mp4,C:\discolocal\PROYECTOS\PYTHON\YouTube Upload Python\scripts\youtube_gallery_nicegui\pages\xbox_download_videos\downloaded_media\Short_Enlisted-2026_01_18-12_42_24_20260131_121412.mp4,0:00:59,39.96572780609131,1080x1920
Short_Enlisted-2026_01_18-12_42_48_20260131_104436.mp4,C:\discolocal\PROYECTOS\PYTHON\YouTube Upload Python\scripts\youtube_gallery_nicegui\pages\xbox_download_videos\downloaded_media\Short_Enlisted-2026_01_18-12_42_48_20260131_104436.mp4,0:00:59,40.3278694152832,1080x1920
Short_Enlisted-2026_01_18-12_45_14_20260131_104207.mp4,C:\discolocal\PROYECTOS\PYTHON\YouTube Upload Python\scripts\youtube_gallery_nicegui\pages\xbox_download_videos\downloaded_media\Short_Enlisted-2026_01_18-12_45_14_20260131_104207.mp4,0:00:59,32.54701042175293,1080x1920
Short_Enlisted-2026_01_18-12_55_53_20260131_123235.mp4,C:\discolocal\PROYECTOS\PYTHON\YouTube Upload Python\scripts\youtube_gallery_nicegui\pages\xbox_download_videos\downloaded_media\Short_Enlisted-2026_01_18-12_55_53_20260131_123235.mp4,0:00:59,53.928422927856445,1080x1920
Short_Enlisted-2026_01_18-12_57_01_20260131_110033.mp4,C:\discolocal\PROYECTOS\PYTHON\YouTube Upload Python\scripts\youtube_gallery_nicegui\pages\xbox_download_videos\downloaded_media\Short_Enlisted-2026_01_18-12_57_01_20260131_110033.mp4,0:00:59,53.33123779296875,1080x1920
Short_Enlisted-2026_01_18-13_06_15_20260131_101730.mp4,C:\discolocal\PROYECTOS\PYTHON\YouTube Upload Python\scripts\youtube_gallery_nicegui\pages\xbox_download_videos\downloaded_media\Short_Enlisted-2026_01_18-13_06_15_20260131_101730.mp4,0:00:59,41.663312911987305,1080x1920
Short_Enlisted-2026_01_18-13_13_09_20260131_115347.mp4,C:\discolocal\PROYECTOS\PYTHON\YouTube Upload Python\scripts\youtube_gallery_nicegui\pages\xbox_download_videos\downloaded_media\Short_Enlisted-2026_01_18-13_13_09_20260131_115347.mp4,0:00:59,38.68499946594238,1080x1920
Short_Enlisted-2026_01_18-13_15_13_20260131_115630.mp4,C:\discolocal\PROYECTOS\PYTHON\YouTube Upload Python\scripts\youtube_gallery_nicegui\pages\xbox_download_videos\downloaded_media\Short_Enlisted-2026_01_18-13_15_13_20260131_115630.mp4,0:00:59,32.72543811798096,1080x1920
Short_f374e52f-72f0-45ae-ae39-124d5c1196f4_20260102_094647.mp4,C:\discolocal\PROYECTOS\PYTHON\YouTube Upload Python\scripts\youtube_gallery_nicegui\pages\xbox_download_videos\downloaded_media4\Short_f374e52f-72f0-45ae-ae39-124d5c1196f4_20260102_094647.mp4,0:00:59,41.84359359741211,1080x1920
Short_f3d27bda-80ba-4a51-a01f-77a389a3024b_20251211_200400.mp4,C:\discolocal\PROYECTOS\PYTHON\YouTube Upload Python\scripts\youtube_gallery_nicegui\pages\xbox_download_videos\downloaded_media3\Short_f3d27bda-80ba-4a51-a01f-77a389a3024b_20251211_200400.mp4,0:00:59,45.2670259475708,1080x1920
Short_f4f41b8b-47db-41ba-a9c6-a0208ceb5775_20260131_110859.mp4,C:\discolocal\PROYECTOS\PYTHON\YouTube Upload Python\scripts\youtube_gallery_nicegui\pages\xbox_download_videos\downloaded_media\Short_f4f41b8b-47db-41ba-a9c6-a0208ceb5775_20260131_110859.mp4,0:00:59,33.23076057434082,1080x1920
Short_f53f74ac-0e7f-403d-aa34-01b9300ed2b9_20260102_095953.mp4,C:\discolocal\PROYECTOS\PYTHON\YouTube Upload Python\scripts\youtube_gallery_nicegui\pages\xbox_download_videos\downloaded_media4\Short_f53f74ac-0e7f-403d-aa34-01b9300ed2b9_20260102_095953.mp4,0:00:58,41.51161861419678,1080x1920
Short_f5568059-e0e9-4081-822f-72ef460efb06_20251208_115145.mp4,C:\discolocal\PROYECTOS\PYTHON\YouTube Upload Python\scripts\youtube_gallery_nicegui\pages\xbox_download_videos\downloaded_media3\Short_f5568059-e0e9-4081-822f-72ef460efb06_20251208_115145.mp4,0:00:59,51.62235927581787,1080x1920
Short_f5f6b2bb-2829-4699-ba49-18f3e163453e_20251215_032409.mp4,C:\discolocal\PROYECTOS\PYTHON\YouTube Upload Python\scripts\youtube_gallery_nicegui\pages\xbox_download_videos\downloaded_media4\Short_f5f6b2bb-2829-4699-ba49-18f3e163453e_20251215_032409.mp4,0:01:00,28.478310585021973,1080x1920
Short_f5f6b2bb-2829-4699-ba49-18f3e163453e_20251219_231958.mp4,C:\discolocal\PROYECTOS\PYTHON\YouTube Upload Python\scripts\youtube_gallery_nicegui\pages\xbox_download_videos\downloaded_media4\Short_f5f6b2bb-2829-4699-ba49-18f3e163453e_20251219_231958.mp4,0:01:00,28.478310585021973,1080x1920
Short_f74c808e-c988-491d-8839-e35ef82cc737_20251219_223956.mp4,C:\discolocal\PROYECTOS\PYTHON\YouTube Upload Python\scripts\youtube_gallery_nicegui\pages\xbox_download_videos\downloaded_media4\Short_f74c808e-c988-491d-8839-e35ef82cc737_20251219_223956.mp4,0:00:59,59.098270416259766,1080x1920
Short_f891da72-6537-4992-9c3d-c95c214126a8_20251219_223543.mp4,C:\discolocal\PROYECTOS\PYTHON\YouTube Upload Python\scripts\youtube_gallery_nicegui\pages\xbox_download_videos\downloaded_media4\Short_f891da72-6537-4992-9c3d-c95c214126a8_20251219_223543.mp4,0:00:59,47.304673194885254,1080x1920
Short_f89c63de-724e-4b3b-8e6e-5ef73cd22601_20251219_210553.mp4,C:\discolocal\PROYECTOS\PYTHON\YouTube Upload Python\scripts\youtube_gallery_nicegui\pages\xbox_download_videos\downloaded_media4\Short_f89c63de-724e-4b3b-8e6e-5ef73cd22601_20251219_210553.mp4,0:00:59,23.647120475769043,1080x1920
Short_fcd2ea1c-b46c-4c21-887f-1f14d913a610_20260102_092510.mp4,C:\discolocal\PROYECTOS\PYTHON\YouTube Upload Python\scripts\youtube_gallery_nicegui\pages\xbox_download_videos\downloaded_media4\Short_fcd2ea1c-b46c-4c21-887f-1f14d913a610_20260102_092510.mp4,0:00:58,51.84675216674805,1080x1920
Short_ff215051-1472-4793-944f-3523bb75463e_20260131_111405.mp4,C:\discolocal\PROYECTOS\PYTHON\YouTube Upload Python\scripts\youtube_gallery_nicegui\pages\xbox_download_videos\downloaded_media\Short_ff215051-1472-4793-944f-3523bb75463e_20260131_111405.mp4,0:00:59,53.33123779296875,1080x1920
Short_fff09143-3178-42f4-b5e7-8752b839215d_20251208_111958.mp4,C:\discolocal\PROYECTOS\PYTHON\YouTube Upload Python\scripts\youtube_gallery_nicegui\pages\xbox_download_videos\downloaded_media3\Short_fff09143-3178-42f4-b5e7-8752b839215d_20251208_111958.mp4,0:00:59,45.215375900268555,1080x1920
Short_Grand Theft Auto Online (Xbox Series X_S)-2026_01_17-19_48_09_20260131_110615.mp4,C:\discolocal\PROYECTOS\PYTHON\YouTube Upload Python\scripts\youtube_gallery_nicegui\pages\xbox_download_videos\downloaded_media\Short_Grand Theft Auto Online (Xbox Series X_S)-2026_01_17-19_48_09_20260131_110615.mp4,0:00:59,45.8963623046875,1080x1920
Short_Grand Theft Auto Online (Xbox Series X_S)-2026_01_17-20_04_57_20260131_123620.mp4,C:\discolocal\PROYECTOS\PYTHON\YouTube Upload Python\scripts\youtube_gallery_nicegui\pages\xbox_download_videos\downloaded_media\Short_Grand Theft Auto Online (Xbox Series X_S)-2026_01_17-20_04_57_20260131_123620.mp4,0:00:59,24.064335823059082,1080x1920
Short_Grand Theft Auto Online (Xbox Series X_S)-2026_01_17-20_05_51_20260131_114908.mp4,C:\discolocal\PROYECTOS\PYTHON\YouTube Upload Python\scripts\youtube_gallery_nicegui\pages\xbox_download_videos\downloaded_media\Short_Grand Theft Auto Online (Xbox Series X_S)-2026_01_17-20_05_51_20260131_114908.mp4,0:00:59,22.60958194732666,1080x1920
Short_Grand Theft Auto Online (Xbox Series X_S)-2026_01_17-20_08_45_20260131_114241.mp4,C:\discolocal\PROYECTOS\PYTHON\YouTube Upload Python\scripts\youtube_gallery_nicegui\pages\xbox_download_videos\downloaded_media\Short_Grand Theft Auto Online (Xbox Series X_S)-2026_01_17-20_08_45_20260131_114241.mp4,0:00:59,23.353541374206543,1080x1920
Short_Grand Theft Auto Online (Xbox Series X_S)-2026_01_17-20_09_07_20260131_102426.mp4,C:\discolocal\PROYECTOS\PYTHON\YouTube Upload Python\scripts\youtube_gallery_nicegui\pages\xbox_download_videos\downloaded_media\Short_Grand Theft Auto Online (Xbox Series X_S)-2026_01_17-20_09_07_20260131_102426.mp4,0:00:59,23.536508560180664,1080x1920
Short_Grand Theft Auto Online (Xbox Series X_S)-2026_01_17-20_13_37_20260131_103947.mp4,C:\discolocal\PROYECTOS\PYTHON\YouTube Upload Python\scripts\youtube_gallery_nicegui\pages\xbox_download_videos\downloaded_media\Short_Grand Theft Auto Online (Xbox Series X_S)-2026_01_17-20_13_37_20260131_103947.mp4,0:00:59,26.88854694366455,1080x1920
Short_Grand Theft Auto Online (Xbox Series X_S)-2026_01_17-20_14_21_20260131_122850.mp4,C:\discolocal\PROYECTOS\PYTHON\YouTube Upload Python\scripts\youtube_gallery_nicegui\pages\xbox_download_videos\downloaded_media\Short_Grand Theft Auto Online (Xbox Series X_S)-2026_01_17-20_14_21_20260131_122850.mp4,0:00:59,36.87519550323486,1080x1920
Short_Grand Theft Auto Online (Xbox Series X_S)-2026_01_17-20_32_14_20260131_114701.mp4,C:\discolocal\PROYECTOS\PYTHON\YouTube Upload Python\scripts\youtube_gallery_nicegui\pages\xbox_download_videos\downloaded_media\Short_Grand Theft Auto Online (Xbox Series X_S)-2026_01_17-20_32_14_20260131_114701.mp4,0:00:59,31.073887825012207,1080x1920
Short_Grand Theft Auto Online (Xbox Series X_S)-2026_01_17-20_35_29_20260131_120354.mp4,C:\discolocal\PROYECTOS\PYTHON\YouTube Upload Python\scripts\youtube_gallery_nicegui\pages\xbox_download_videos\downloaded_media\Short_Grand Theft Auto Online (Xbox Series X_S)-2026_01_17-20_35_29_20260131_120354.mp4,0:00:59,40.63625240325928,1080x1920
Short_merged_video12345678902_part01_20260131_134616.mp4,C:\discolocal\PROYECTOS\PYTHON\YouTube Upload Python\scripts\youtube_gallery_nicegui\pages\xbox_download_videos\downloaded_media\Short_merged_video12345678902_part01_20260131_134616.mp4,0:01:00,40.96958827972412,1080x1920
Short_merged_video12345678902_part02_20260131_134616.mp4,C:\discolocal\PROYECTOS\PYTHON\YouTube Upload Python\scripts\youtube_gallery_nicegui\pages\xbox_download_videos\downloaded_media\Short_merged_video12345678902_part02_20260131_134616.mp4,0:01:00,47.38296985626221,1080x1920
Short_merged_video12345678902_part03_20260131_134616.mp4,C:\discolocal\PROYECTOS\PYTHON\YouTube Upload Python\scripts\youtube_gallery_nicegui\pages\xbox_download_videos\downloaded_media\Short_merged_video12345678902_part03_20260131_134616.mp4,0:01:00,25.122095108032227,1080x1920
Short_merged_video12345678902_part04_20260131_134616.mp4,C:\discolocal\PROYECTOS\PYTHON\YouTube Upload Python\scripts\youtube_gallery_nicegui\pages\xbox_download_videos\downloaded_media\Short_merged_video12345678902_part04_20260131_134616.mp4,0:01:00,32.98195457458496,1080x1920
Short_merged_video12345678902_part05_20260131_134616.mp4,C:\discolocal\PROYECTOS\PYTHON\YouTube Upload Python\scripts\youtube_gallery_nicegui\pages\xbox_download_videos\downloaded_media\Short_merged_video12345678902_part05_20260131_134616.mp4,0:01:00,59.85891151428223,1080x1920
Short_merged_video12345678902_part06_20260131_134616.mp4,C:\discolocal\PROYECTOS\PYTHON\YouTube Upload Python\scripts\youtube_gallery_nicegui\pages\xbox_download_videos\downloaded_media\Short_merged_video12345678902_part06_20260131_134616.mp4,0:01:00,38.26942729949951,1080x1920
Short_merged_video12345678902_part07_20260131_134616.mp4,C:\discolocal\PROYECTOS\PYTHON\YouTube Upload Python\scripts\youtube_gallery_nicegui\pages\xbox_download_videos\downloaded_media\Short_merged_video12345678902_part07_20260131_134616.mp4,0:01:00,46.97223091125488,1080x1920
Short_merged_video12345678902_part08_20260131_134616.mp4,C:\discolocal\PROYECTOS\PYTHON\YouTube Upload Python\scripts\youtube_gallery_nicegui\pages\xbox_download_videos\downloaded_media\Short_merged_video12345678902_part08_20260131_134616.mp4,0:01:00,36.50241756439209,1080x1920
Short_merged_video12345678902_part09_20260131_134616.mp4,C:\discolocal\PROYECTOS\PYTHON\YouTube Upload Python\scripts\youtube_gallery_nicegui\pages\xbox_download_videos\downloaded_media\Short_merged_video12345678902_part09_20260131_134616.mp4,0:01:00,53.629459381103516,1080x1920
Short_merged_video12345678902_part10_20260131_134616.mp4,C:\discolocal\PROYECTOS\PYTHON\YouTube Upload Python\scripts\youtube_gallery_nicegui\pages\xbox_download_videos\downloaded_media\Short_merged_video12345678902_part10_20260131_134616.mp4,0:01:00,52.11248302459717,1080x1920
Short_merged_video12345678902_part11_20260131_134616.mp4,C:\discolocal\PROYECTOS\PYTHON\YouTube Upload Python\scripts\youtube_gallery_nicegui\pages\xbox_download_videos\downloaded_media\Short_merged_video12345678902_part11_20260131_134616.mp4,0:01:00,44.59779453277588,1080x1920
Short_merged_video12345678902_part12_20260131_134616.mp4,C:\discolocal\PROYECTOS\PYTHON\YouTube Upload Python\scripts\youtube_gallery_nicegui\pages\xbox_download_videos\downloaded_media\Short_merged_video12345678902_part12_20260131_134616.mp4,0:01:00,39.14271259307861,1080x1920
Short_merged_video12345678902_part13_20260131_134616.mp4,C:\discolocal\PROYECTOS\PYTHON\YouTube Upload Python\scripts\youtube_gallery_nicegui\pages\xbox_download_videos\downloaded_media\Short_merged_video12345678902_part13_20260131_134616.mp4,0:01:00,53.61555194854736,1080x1920
Short_merged_video12345678902_part14_20260131_134616.mp4,C:\discolocal\PROYECTOS\PYTHON\YouTube Upload Python\scripts\youtube_gallery_nicegui\pages\xbox_download_videos\downloaded_media\Short_merged_video12345678902_part14_20260131_134616.mp4,0:01:00,47.08393096923828,1080x1920
Short_merged_video12345678902_part15_20260131_134616.mp4,C:\discolocal\PROYECTOS\PYTHON\YouTube Upload Python\scripts\youtube_gallery_nicegui\pages\xbox_download_videos\downloaded_media\Short_merged_video12345678902_part15_20260131_134616.mp4,0:01:00,45.21199321746826,1080x1920
Short_merged_video12345678903_part01_20260131_134616.mp4,C:\discolocal\PROYECTOS\PYTHON\YouTube Upload Python\scripts\youtube_gallery_nicegui\pages\xbox_download_videos\downloaded_media\Short_merged_video12345678903_part01_20260131_134616.mp4,0:01:00,47.50212574005127,1080x1920
Short_merged_video12345678903_part02_20260131_134616.mp4,C:\discolocal\PROYECTOS\PYTHON\YouTube Upload Python\scripts\youtube_gallery_nicegui\pages\xbox_download_videos\downloaded_media\Short_merged_video12345678903_part02_20260131_134616.mp4,0:01:00,25.169614791870117,1080x1920
Short_merged_video12345678903_part03_20260131_134616.mp4,C:\discolocal\PROYECTOS\PYTHON\YouTube Upload Python\scripts\youtube_gallery_nicegui\pages\xbox_download_videos\downloaded_media\Short_merged_video12345678903_part03_20260131_134616.mp4,0:01:00,32.99188804626465,1080x1920
Short_merged_video12345678903_part04_20260131_134616.mp4,C:\discolocal\PROYECTOS\PYTHON\YouTube Upload Python\scripts\youtube_gallery_nicegui\pages\xbox_download_videos\downloaded_media\Short_merged_video12345678903_part04_20260131_134616.mp4,0:01:00,59.723140716552734,1080x1920
Short_merged_video12345678903_part05_20260131_134616.mp4,C:\discolocal\PROYECTOS\PYTHON\YouTube Upload Python\scripts\youtube_gallery_nicegui\pages\xbox_download_videos\downloaded_media\Short_merged_video12345678903_part05_20260131_134616.mp4,0:01:00,38.362098693847656,1080x1920
Short_merged_video12345678903_part06_20260131_134616.mp4,C:\discolocal\PROYECTOS\PYTHON\YouTube Upload Python\scripts\youtube_gallery_nicegui\pages\xbox_download_videos\downloaded_media\Short_merged_video12345678903_part06_20260131_134616.mp4,0:01:00,46.99878406524658,1080x1920
Short_merged_video12345678903_part07_20260131_134616.mp4,C:\discolocal\PROYECTOS\PYTHON\YouTube Upload Python\scripts\youtube_gallery_nicegui\pages\xbox_download_videos\downloaded_media\Short_merged_video12345678903_part07_20260131_134616.mp4,0:01:00,36.405893325805664,1080x1920
Short_merged_video12345678903_part08_20260131_134616.mp4,C:\discolocal\PROYECTOS\PYTHON\YouTube Upload Python\scripts\youtube_gallery_nicegui\pages\xbox_download_videos\downloaded_media\Short_merged_video12345678903_part08_20260131_134616.mp4,0:01:00,53.73148727416992,1080x1920
Short_merged_video12345678903_part09_20260131_134616.mp4,C:\discolocal\PROYECTOS\PYTHON\YouTube Upload Python\scripts\youtube_gallery_nicegui\pages\xbox_download_videos\downloaded_media\Short_merged_video12345678903_part09_20260131_134616.mp4,0:01:00,51.919830322265625,1080x1920
Short_merged_video12345678903_part10_20260131_134616.mp4,C:\discolocal\PROYECTOS\PYTHON\YouTube Upload Python\scripts\youtube_gallery_nicegui\pages\xbox_download_videos\downloaded_media\Short_merged_video12345678903_part10_20260131_134616.mp4,0:01:00,44.71055507659912,1080x1920
Short_merged_video12345678903_part11_20260131_134616.mp4,C:\discolocal\PROYECTOS\PYTHON\YouTube Upload Python\scripts\youtube_gallery_nicegui\pages\xbox_download_videos\downloaded_media\Short_merged_video12345678903_part11_20260131_134616.mp4,0:01:00,39.032450675964355,1080x1920
Short_merged_video12345678903_part12_20260131_134616.mp4,C:\discolocal\PROYECTOS\PYTHON\YouTube Upload Python\scripts\youtube_gallery_nicegui\pages\xbox_download_videos\downloaded_media\Short_merged_video12345678903_part12_20260131_134616.mp4,0:01:00,53.63338088989258,1080x1920
Short_merged_video12345678903_part13_20260131_134616.mp4,C:\discolocal\PROYECTOS\PYTHON\YouTube Upload Python\scripts\youtube_gallery_nicegui\pages\xbox_download_videos\downloaded_media\Short_merged_video12345678903_part13_20260131_134616.mp4,0:01:00,47.12291240692139,1080x1920
Short_merged_video12345678903_part14_20260131_134616.mp4,C:\discolocal\PROYECTOS\PYTHON\YouTube Upload Python\scripts\youtube_gallery_nicegui\pages\xbox_download_videos\downloaded_media\Short_merged_video12345678903_part14_20260131_134616.mp4,0:01:00,45.2686071395874,1080x1920
Short_merged_video12345678904_part01_20260131_134616.mp4,C:\discolocal\PROYECTOS\PYTHON\YouTube Upload Python\scripts\youtube_gallery_nicegui\pages\xbox_download_videos\downloaded_media\Short_merged_video12345678904_part01_20260131_134616.mp4,0:01:00,25.32652187347412,1080x1920
Short_merged_video12345678904_part02_20260131_134616.mp4,C:\discolocal\PROYECTOS\PYTHON\YouTube Upload Python\scripts\youtube_gallery_nicegui\pages\xbox_download_videos\downloaded_media\Short_merged_video12345678904_part02_20260131_134616.mp4,0:01:00,33.0571870803833,1080x1920
Short_merged_video12345678904_part03_20260131_134616.mp4,C:\discolocal\PROYECTOS\PYTHON\YouTube Upload Python\scripts\youtube_gallery_nicegui\pages\xbox_download_videos\downloaded_media\Short_merged_video12345678904_part03_20260131_134616.mp4,0:01:00,59.18465805053711,1080x1920
Short_merged_video12345678904_part04_20260131_134616.mp4,C:\discolocal\PROYECTOS\PYTHON\YouTube Upload Python\scripts\youtube_gallery_nicegui\pages\xbox_download_videos\downloaded_media\Short_merged_video12345678904_part04_20260131_134616.mp4,0:01:00,38.79910182952881,1080x1920
Short_merged_video12345678904_part05_20260131_134616.mp4,C:\discolocal\PROYECTOS\PYTHON\YouTube Upload Python\scripts\youtube_gallery_nicegui\pages\xbox_download_videos\downloaded_media\Short_merged_video12345678904_part05_20260131_134616.mp4,0:01:00,46.935482025146484,1080x1920
Short_merged_video12345678904_part06_20260131_134616.mp4,C:\discolocal\PROYECTOS\PYTHON\YouTube Upload Python\scripts\youtube_gallery_nicegui\pages\xbox_download_videos\downloaded_media\Short_merged_video12345678904_part06_20260131_134616.mp4,0:01:00,36.21991729736328,1080x1920
Short_merged_video12345678904_part07_20260131_134616.mp4,C:\discolocal\PROYECTOS\PYTHON\YouTube Upload Python\scripts\youtube_gallery_nicegui\pages\xbox_download_videos\downloaded_media\Short_merged_video12345678904_part07_20260131_134616.mp4,0:01:00,54.127628326416016,1080x1920
Short_merged_video12345678904_part08_20260131_134616.mp4,C:\discolocal\PROYECTOS\PYTHON\YouTube Upload Python\scripts\youtube_gallery_nicegui\pages\xbox_download_videos\downloaded_media\Short_merged_video12345678904_part08_20260131_134616.mp4,0:01:00,51.31371212005615,1080x1920
Short_merged_video12345678904_part09_20260131_134616.mp4,C:\discolocal\PROYECTOS\PYTHON\YouTube Upload Python\scripts\youtube_gallery_nicegui\pages\xbox_download_videos\downloaded_media\Short_merged_video12345678904_part09_20260131_134616.mp4,0:01:00,45.11198425292969,1080x1920
Short_merged_video12345678904_part10_20260131_134616.mp4,C:\discolocal\PROYECTOS\PYTHON\YouTube Upload Python\scripts\youtube_gallery_nicegui\pages\xbox_download_videos\downloaded_media\Short_merged_video12345678904_part10_20260131_134616.mp4,0:01:00,38.69276237487793,1080x1920
Short_merged_video12345678904_part11_20260131_134616.mp4,C:\discolocal\PROYECTOS\PYTHON\YouTube Upload Python\scripts\youtube_gallery_nicegui\pages\xbox_download_videos\downloaded_media\Short_merged_video12345678904_part11_20260131_134616.mp4,0:01:00,53.5399751663208,1080x1920
Short_merged_video12345678904_part12_20260131_134616.mp4,C:\discolocal\PROYECTOS\PYTHON\YouTube Upload Python\scripts\youtube_gallery_nicegui\pages\xbox_download_videos\downloaded_media\Short_merged_video12345678904_part12_20260131_134616.mp4,0:01:00,47.224196434020996,1080x1920
Short_merged_video12345678904_part13_20260131_134616.mp4,C:\discolocal\PROYECTOS\PYTHON\YouTube Upload Python\scripts\youtube_gallery_nicegui\pages\xbox_download_videos\downloaded_media\Short_merged_video12345678904_part13_20260131_134616.mp4,0:01:00,45.48881530761719,1080x1920
Short_merged_video1_20251129_175743.mp4,C:\discolocal\PROYECTOS\PYTHON\YouTube Upload Python\videos\Short_merged_video1_20251129_175743.mp4,0:00:58,56.053297996520996,1080x1920
Short_merged_videoBF6_20251206_225512.mp4,C:\discolocal\PROYECTOS\PYTHON\YouTube Upload Python\scripts\youtube_gallery_nicegui\pages\xbox_download_videos\downloaded_media2\Short_merged_videoBF6_20251206_225512.mp4,0:01:00,63.44615364074707,1080x1920
Short_merged_videoBF6_20251206_231124.mp4,C:\discolocal\PROYECTOS\PYTHON\YouTube Upload Python\scripts\youtube_gallery_nicegui\pages\xbox_download_videos\downloaded_media2\Short_merged_videoBF6_20251206_231124.mp4,0:01:00,63.44615364074707,1080x1920
Short_merged_videoBF6_part01_20251207_110537.mp4,C:\discolocal\PROYECTOS\PYTHON\YouTube Upload Python\scripts\youtube_gallery_nicegui\pages\xbox_download_videos\downloaded_media2\Short_merged_videoBF6_part01_20251207_110537.mp4,0:01:00,63.44615364074707,1080x1920
Short_merged_videoBF6_part02_20251207_110827.mp4,C:\discolocal\PROYECTOS\PYTHON\YouTube Upload Python\scripts\youtube_gallery_nicegui\pages\xbox_download_videos\downloaded_media2\Short_merged_videoBF6_part02_20251207_110827.mp4,0:01:00,69.43953800201416,1080x1920
Short_merged_videoBF6_part03_20251207_111143.mp4,C:\discolocal\PROYECTOS\PYTHON\YouTube Upload Python\scripts\youtube_gallery_nicegui\pages\xbox_download_videos\downloaded_media2\Short_merged_videoBF6_part03_20251207_111143.mp4,0:00:03,5.50050163269043,1080x1920
Short_merged_videoBF6_part04_20251207_111202.mp4,C:\discolocal\PROYECTOS\PYTHON\YouTube Upload Python\scripts\youtube_gallery_nicegui\pages\xbox_download_videos\downloaded_media2\Short_merged_videoBF6_part04_20251207_111202.mp4,0:01:00,70.80830764770508,1080x1920
Short_merged_videoBF6_part05_20251207_111523.mp4,C:\discolocal\PROYECTOS\PYTHON\YouTube Upload Python\scripts\youtube_gallery_nicegui\pages\xbox_download_videos\downloaded_media2\Short_merged_videoBF6_part05_20251207_111523.mp4,0:01:00,65.21135330200195,1080x1920
Short_merged_videoBF6_part06_20251207_111827.mp4,C:\discolocal\PROYECTOS\PYTHON\YouTube Upload Python\scripts\youtube_gallery_nicegui\pages\xbox_download_videos\downloaded_media2\Short_merged_videoBF6_part06_20251207_111827.mp4,0:01:00,60.85736274719238,1080x1920
Short_merged_videoBF6_part07_20251207_112121.mp4,C:\discolocal\PROYECTOS\PYTHON\YouTube Upload Python\scripts\youtube_gallery_nicegui\pages\xbox_download_videos\downloaded_media2\Short_merged_videoBF6_part07_20251207_112121.mp4,0:01:00,63.20986747741699,1080x1920
Short_merged_videoBF6_part08_20251207_112423.mp4,C:\discolocal\PROYECTOS\PYTHON\YouTube Upload Python\scripts\youtube_gallery_nicegui\pages\xbox_download_videos\downloaded_media2\Short_merged_videoBF6_part08_20251207_112423.mp4,0:01:00,63.025630950927734,1080x1920
Short_merged_videoBF6_part09_20251207_112751.mp4,C:\discolocal\PROYECTOS\PYTHON\YouTube Upload Python\scripts\youtube_gallery_nicegui\pages\xbox_download_videos\downloaded_media2\Short_merged_videoBF6_part09_20251207_112751.mp4,0:01:00,41.6315393447876,1080x1920
Short_merged_videoBF6_part10_20251207_113036.mp4,C:\discolocal\PROYECTOS\PYTHON\YouTube Upload Python\scripts\youtube_gallery_nicegui\pages\xbox_download_videos\downloaded_media2\Short_merged_videoBF6_part10_20251207_113036.mp4,0:01:00,77.89212036132812,1080x1920
Short_merged_videoBF6_part11_20251207_113351.mp4,C:\discolocal\PROYECTOS\PYTHON\YouTube Upload Python\scripts\youtube_gallery_nicegui\pages\xbox_download_videos\downloaded_media2\Short_merged_videoBF6_part11_20251207_113351.mp4,0:01:00,54.77482795715332,1080x1920
Short_merged_videoBF6_part12_20251207_113649.mp4,C:\discolocal\PROYECTOS\PYTHON\YouTube Upload Python\scripts\youtube_gallery_nicegui\pages\xbox_download_videos\downloaded_media2\Short_merged_videoBF6_part12_20251207_113649.mp4,0:01:00,64.40725040435791,1080x1920
Short_merged_videoBF6_part13_20251207_113949.mp4,C:\discolocal\PROYECTOS\PYTHON\YouTube Upload Python\scripts\youtube_gallery_nicegui\pages\xbox_download_videos\downloaded_media2\Short_merged_videoBF6_part13_20251207_113949.mp4,0:01:00,79.23154735565186,1080x1920
Short_merged_videoBF6_part14_20251207_114306.mp4,C:\discolocal\PROYECTOS\PYTHON\YouTube Upload Python\scripts\youtube_gallery_nicegui\pages\xbox_download_videos\downloaded_media2\Short_merged_videoBF6_part14_20251207_114306.mp4,0:01:00,66.68759632110596,1080x1920
Short_merged_videoBF6_part15_20251207_114638.mp4,C:\discolocal\PROYECTOS\PYTHON\YouTube Upload Python\scripts\youtube_gallery_nicegui\pages\xbox_download_videos\downloaded_media2\Short_merged_videoBF6_part15_20251207_114638.mp4,0:01:00,77.59360885620117,1080x1920
Short_merged_videoBF6_part16_20251207_115008.mp4,C:\discolocal\PROYECTOS\PYTHON\YouTube Upload Python\scripts\youtube_gallery_nicegui\pages\xbox_download_videos\downloaded_media2\Short_merged_videoBF6_part16_20251207_115008.mp4,0:01:00,54.06609344482422,1080x1920
Short_merged_videoBF6_part17_20251207_115315.mp4,C:\discolocal\PROYECTOS\PYTHON\YouTube Upload Python\scripts\youtube_gallery_nicegui\pages\xbox_download_videos\downloaded_media2\Short_merged_videoBF6_part17_20251207_115315.mp4,0:01:00,60.55184841156006,1080x1920
Short_merged_videoBF6_part18_20251207_115617.mp4,C:\discolocal\PROYECTOS\PYTHON\YouTube Upload Python\scripts\youtube_gallery_nicegui\pages\xbox_download_videos\downloaded_media2\Short_merged_videoBF6_part18_20251207_115617.mp4,0:01:00,30.57305335998535,1080x1920
Short_merged_videoBF6_part19_20251207_115824.mp4,C:\discolocal\PROYECTOS\PYTHON\YouTube Upload Python\scripts\youtube_gallery_nicegui\pages\xbox_download_videos\downloaded_media2\Short_merged_videoBF6_part19_20251207_115824.mp4,0:01:00,45.75245475769043,1080x1920
Short_merged_videoBF6_part20_20251207_120111.mp4,C:\discolocal\PROYECTOS\PYTHON\YouTube Upload Python\scripts\youtube_gallery_nicegui\pages\xbox_download_videos\downloaded_media2\Short_merged_videoBF6_part20_20251207_120111.mp4,0:01:00,48.799997329711914,1080x1920
Short_merged_videoBF6_part21_20251207_120352.mp4,C:\discolocal\PROYECTOS\PYTHON\YouTube Upload Python\scripts\youtube_gallery_nicegui\pages\xbox_download_videos\downloaded_media2\Short_merged_videoBF6_part21_20251207_120352.mp4,0:01:00,68.58639144897461,1080x1920
Short_merged_videoBF6_part22_20251207_120642.mp4,C:\discolocal\PROYECTOS\PYTHON\YouTube Upload Python\scripts\youtube_gallery_nicegui\pages\xbox_download_videos\downloaded_media2\Short_merged_videoBF6_part22_20251207_120642.mp4,0:01:00,83.81118869781494,1080x1920
Short_merged_videoBF6_part23_20251207_121019.mp4,C:\discolocal\PROYECTOS\PYTHON\YouTube Upload Python\scripts\youtube_gallery_nicegui\pages\xbox_download_videos\downloaded_media2\Short_merged_videoBF6_part23_20251207_121019.mp4,0:01:00,55.55595588684082,1080x1920
Short_merged_videoBF6_part24_20251207_121259.mp4,C:\discolocal\PROYECTOS\PYTHON\YouTube Upload Python\scripts\youtube_gallery_nicegui\pages\xbox_download_videos\downloaded_media2\Short_merged_videoBF6_part24_20251207_121259.mp4,0:01:00,76.334397315979,1080x1920
Short_merged_videoBF6_part25_20251207_121711.mp4,C:\discolocal\PROYECTOS\PYTHON\YouTube Upload Python\scripts\youtube_gallery_nicegui\pages\xbox_download_videos\downloaded_media2\Short_merged_videoBF6_part25_20251207_121711.mp4,0:01:00,56.340744972229004,1080x1920
Short_merged_videoBF6_part26_20251207_122136.mp4,C:\discolocal\PROYECTOS\PYTHON\YouTube Upload Python\scripts\youtube_gallery_nicegui\pages\xbox_download_videos\downloaded_media2\Short_merged_videoBF6_part26_20251207_122136.mp4,0:01:00,65.15145206451416,1080x1920
Short_merged_videoBF6_part27_20251207_122626.mp4,C:\discolocal\PROYECTOS\PYTHON\YouTube Upload Python\scripts\youtube_gallery_nicegui\pages\xbox_download_videos\downloaded_media2\Short_merged_videoBF6_part27_20251207_122626.mp4,0:01:00,73.92891120910645,1080x1920
Short_merged_videoBF6_part28_20251207_123039.mp4,C:\discolocal\PROYECTOS\PYTHON\YouTube Upload Python\scripts\youtube_gallery_nicegui\pages\xbox_download_videos\downloaded_media2\Short_merged_videoBF6_part28_20251207_123039.mp4,0:01:00,53.57331371307373,1080x1920
Short_merged_videoBF6_part29_20251207_123416.mp4,C:\discolocal\PROYECTOS\PYTHON\YouTube Upload Python\scripts\youtube_gallery_nicegui\pages\xbox_download_videos\downloaded_media2\Short_merged_videoBF6_part29_20251207_123416.mp4,0:01:00,64.72178173065186,1080x1920
Short_merged_videoBF6_part30_20251207_123758.mp4,C:\discolocal\PROYECTOS\PYTHON\YouTube Upload Python\scripts\youtube_gallery_nicegui\pages\xbox_download_videos\downloaded_media2\Short_merged_videoBF6_part30_20251207_123758.mp4,0:01:00,49.877604484558105,1080x1920
Short_merged_videomvp12312231_20251219_220213.mp4,C:\discolocal\PROYECTOS\PYTHON\YouTube Upload Python\scripts\youtube_gallery_nicegui\pages\xbox_download_videos\downloaded_media4\Short_merged_videomvp12312231_20251219_220213.mp4,0:01:00,51.66603374481201,1080x1920
Short_Short_021df8f1-472f-478a-b280-7ac0b9b91a7a_20251215_030801_20251219_224252.mp4,C:\discolocal\PROYECTOS\PYTHON\YouTube Upload Python\scripts\youtube_gallery_nicegui\pages\xbox_download_videos\downloaded_media4\Short_Short_021df8f1-472f-478a-b280-7ac0b9b91a7a_20251215_030801_20251219_224252.mp4,0:01:00,22.970534324645996,1080x1920
Short_Short_0a963865-58be-45f9-9ae4-e7a85b69ad78_20251215_024906_20251219_233209.mp4,C:\discolocal\PROYECTOS\PYTHON\YouTube Upload Python\scripts\youtube_gallery_nicegui\pages\xbox_download_videos\downloaded_media4\Short_Short_0a963865-58be-45f9-9ae4-e7a85b69ad78_20251215_024906_20251219_233209.mp4,0:00:59,24.13175392150879,1080x1920
Short_Short_0d865d94-1200-4ac3-a832-882fd6b91a25_20251215_024423_20251219_233546.mp4,C:\discolocal\PROYECTOS\PYTHON\YouTube Upload Python\scripts\youtube_gallery_nicegui\pages\xbox_download_videos\downloaded_media4\Short_Short_0d865d94-1200-4ac3-a832-882fd6b91a25_20251215_024423_20251219_233546.mp4,0:00:59,21.707664489746094,1080x1920
Short_Short_1d881167-5d35-42a8-ae03-dbc30bae7599_20251215_040043_20251219_204309.mp4,C:\discolocal\PROYECTOS\PYTHON\YouTube Upload Python\scripts\youtube_gallery_nicegui\pages\xbox_download_videos\downloaded_media4\Short_Short_1d881167-5d35-42a8-ae03-dbc30bae7599_20251215_040043_20251219_204309.mp4,0:00:59,37.91080093383789,1080x1920
Short_Short_25ae227a-c339-4e0a-ac45-36cbf79a3192_20251215_031046_20251219_220802.mp4,C:\discolocal\PROYECTOS\PYTHON\YouTube Upload Python\scripts\youtube_gallery_nicegui\pages\xbox_download_videos\downloaded_media4\Short_Short_25ae227a-c339-4e0a-ac45-36cbf79a3192_20251215_031046_20251219_220802.mp4,0:00:59,50.625670433044434,1080x1920
Short_Short_37431408-fd36-417e-b71d-d3f474d8e2c6_20251215_032039_20251219_214240.mp4,C:\discolocal\PROYECTOS\PYTHON\YouTube Upload Python\scripts\youtube_gallery_nicegui\pages\xbox_download_videos\downloaded_media4\Short_Short_37431408-fd36-417e-b71d-d3f474d8e2c6_20251215_032039_20251219_214240.mp4,0:00:59,58.03419208526611,1080x1920
Short_Short_4fd5e984-93fb-4344-93de-fb95ccddf9db_20251215_025419_20251219_202423.mp4,C:\discolocal\PROYECTOS\PYTHON\YouTube Upload Python\scripts\youtube_gallery_nicegui\pages\xbox_download_videos\downloaded_media4\Short_Short_4fd5e984-93fb-4344-93de-fb95ccddf9db_20251215_025419_20251219_202423.mp4,0:00:59,42.90231895446777,1080x1920
Short_Short_53fbafd9-cba5-4ee7-b28f-d38e2192a058_20251215_034432_20251219_213614.mp4,C:\discolocal\PROYECTOS\PYTHON\YouTube Upload Python\scripts\youtube_gallery_nicegui\pages\xbox_download_videos\downloaded_media4\Short_Short_53fbafd9-cba5-4ee7-b28f-d38e2192a058_20251215_034432_20251219_213614.mp4,0:00:59,24.46453857421875,1080x1920
Short_Short_59815c53-453c-4b39-b496-e7ec0ed52b38_20251215_033532_20251219_222727.mp4,C:\discolocal\PROYECTOS\PYTHON\YouTube Upload Python\scripts\youtube_gallery_nicegui\pages\xbox_download_videos\downloaded_media4\Short_Short_59815c53-453c-4b39-b496-e7ec0ed52b38_20251215_033532_20251219_222727.mp4,0:00:59,44.27335739135742,1080x1920
Short_Short_5b8b0e25-29bb-465a-99ce-067b35ba7fd6_20251215_033830_20251219_222506.mp4,C:\discolocal\PROYECTOS\PYTHON\YouTube Upload Python\scripts\youtube_gallery_nicegui\pages\xbox_download_videos\downloaded_media4\Short_Short_5b8b0e25-29bb-465a-99ce-067b35ba7fd6_20251215_033830_20251219_222506.mp4,0:00:59,43.9465446472168,1080x1920
Short_Short_62e6b21f-ffb0-4674-bbab-9c9d664cb112_20251215_031718_20251219_220517.mp4,C:\discolocal\PROYECTOS\PYTHON\YouTube Upload Python\scripts\youtube_gallery_nicegui\pages\xbox_download_videos\downloaded_media4\Short_Short_62e6b21f-ffb0-4674-bbab-9c9d664cb112_20251215_031718_20251219_220517.mp4,0:00:59,43.928184509277344,1080x1920
Short_Short_68f38023-7348-4bca-b8bf-f7c07a431f58_20251215_034129_20251219_215842.mp4,C:\discolocal\PROYECTOS\PYTHON\YouTube Upload Python\scripts\youtube_gallery_nicegui\pages\xbox_download_videos\downloaded_media4\Short_Short_68f38023-7348-4bca-b8bf-f7c07a431f58_20251215_034129_20251219_215842.mp4,0:00:59,36.0391845703125,1080x1920
Short_Short_76e88897-8955-48b8-ba56-2d0689637ac4_20251215_035510_20251219_211256.mp4,C:\discolocal\PROYECTOS\PYTHON\YouTube Upload Python\scripts\youtube_gallery_nicegui\pages\xbox_download_videos\downloaded_media4\Short_Short_76e88897-8955-48b8-ba56-2d0689637ac4_20251215_035510_20251219_211256.mp4,0:00:59,25.96390724182129,1080x1920
Short_Short_79460f2f-8b55-4e63-86d0-5d069fb568e2_20251215_032630_20251219_204536.mp4,C:\discolocal\PROYECTOS\PYTHON\YouTube Upload Python\scripts\youtube_gallery_nicegui\pages\xbox_download_videos\downloaded_media4\Short_Short_79460f2f-8b55-4e63-86d0-5d069fb568e2_20251215_032630_20251219_204536.mp4,0:00:59,36.913421630859375,1080x1920
Short_Short_7c01ca7c-0396-47fe-8818-4a87b8425d47_20251215_030527_20251219_223815.mp4,C:\discolocal\PROYECTOS\PYTHON\YouTube Upload Python\scripts\youtube_gallery_nicegui\pages\xbox_download_videos\downloaded_media4\Short_Short_7c01ca7c-0396-47fe-8818-4a87b8425d47_20251215_030527_20251219_223815.mp4,0:00:59,27.27885913848877,1080x1920
Short_Short_804f138e-a5fa-43b8-a1e8-18beb7f4c5ed_20251215_035732_20251219_231435.mp4,C:\discolocal\PROYECTOS\PYTHON\YouTube Upload Python\scripts\youtube_gallery_nicegui\pages\xbox_download_videos\downloaded_media4\Short_Short_804f138e-a5fa-43b8-a1e8-18beb7f4c5ed_20251215_035732_20251219_231435.mp4,0:00:59,40.320566177368164,1080x1920
Short_Short_8f02cea3-2358-4562-bce8-38d30fe6acfa_20251215_024640_20251219_224708.mp4,C:\discolocal\PROYECTOS\PYTHON\YouTube Upload Python\scripts\youtube_gallery_nicegui\pages\xbox_download_videos\downloaded_media4\Short_Short_8f02cea3-2358-4562-bce8-38d30fe6acfa_20251215_024640_20251219_224708.mp4,0:00:59,21.428741455078125,1080x1920
Short_Short_9297c6ae-2de5-4464-993a-ffa4a3a5d69a_20251215_032918_20251219_210058.mp4,C:\discolocal\PROYECTOS\PYTHON\YouTube Upload Python\scripts\youtube_gallery_nicegui\pages\xbox_download_videos\downloaded_media4\Short_Short_9297c6ae-2de5-4464-993a-ffa4a3a5d69a_20251215_032918_20251219_210058.mp4,0:00:59,38.636094093322754,1080x1920
Short_Short_a199c40e-ecf2-4e3e-b37e-52c47117a1f1_20251215_030023_20251219_212630.mp4,C:\discolocal\PROYECTOS\PYTHON\YouTube Upload Python\scripts\youtube_gallery_nicegui\pages\xbox_download_videos\downloaded_media4\Short_Short_a199c40e-ecf2-4e3e-b37e-52c47117a1f1_20251215_030023_20251219_212630.mp4,0:00:59,12.845635414123535,1080x1920
Short_Short_a7aba241-e6a3-49e1-916f-6d8669a59748_20251215_034645_20251219_222026.mp4,C:\discolocal\PROYECTOS\PYTHON\YouTube Upload Python\scripts\youtube_gallery_nicegui\pages\xbox_download_videos\downloaded_media4\Short_Short_a7aba241-e6a3-49e1-916f-6d8669a59748_20251215_034645_20251219_222026.mp4,0:00:59,29.92414951324463,1080x1920
Short_Short_b593a2e9-6a51-46be-b2da-8eff211b3224_20251215_025136_20251219_214016.mp4,C:\discolocal\PROYECTOS\PYTHON\YouTube Upload Python\scripts\youtube_gallery_nicegui\pages\xbox_download_videos\downloaded_media4\Short_Short_b593a2e9-6a51-46be-b2da-8eff211b3224_20251215_025136_20251219_214016.mp4,0:00:59,28.753755569458008,1080x1920
Short_Short_b5bfb90b-b039-4291-8167-41aba12c33bd_20251215_030211_20251219_225336.mp4,C:\discolocal\PROYECTOS\PYTHON\YouTube Upload Python\scripts\youtube_gallery_nicegui\pages\xbox_download_videos\downloaded_media4\Short_Short_b5bfb90b-b039-4291-8167-41aba12c33bd_20251215_030211_20251219_225336.mp4,0:00:59,43.87498188018799,1080x1920
Short_Short_b5df13d3-44be-4d3e-9316-11f399669578_20251215_035251_20251219_225600.mp4,C:\discolocal\PROYECTOS\PYTHON\YouTube Upload Python\scripts\youtube_gallery_nicegui\pages\xbox_download_videos\downloaded_media4\Short_Short_b5df13d3-44be-4d3e-9316-11f399669578_20251215_035251_20251219_225600.mp4,0:01:00,25.232393264770508,1080x1920
Short_Short_bfe960bb-dd17-4263-a5cf-1fb6249f6fe7_20251215_033213_20251219_230605.mp4,C:\discolocal\PROYECTOS\PYTHON\YouTube Upload Python\scripts\youtube_gallery_nicegui\pages\xbox_download_videos\downloaded_media4\Short_Short_bfe960bb-dd17-4263-a5cf-1fb6249f6fe7_20251215_033213_20251219_230605.mp4,0:00:59,50.76573085784912,1080x1920
Short_Short_c16720f1-a6fb-4d54-8526-e351af64835e_20251215_023823_20251219_203747.mp4,C:\discolocal\PROYECTOS\PYTHON\YouTube Upload Python\scripts\youtube_gallery_nicegui\pages\xbox_download_videos\downloaded_media4\Short_Short_c16720f1-a6fb-4d54-8526-e351af64835e_20251215_023823_20251219_203747.mp4,0:00:59,47.658552169799805,1080x1920
Short_Short_c5331c0e-c18b-4b76-893c-452b3b2f2e7d_20251215_040330_20251219_211013.mp4,C:\discolocal\PROYECTOS\PYTHON\YouTube Upload Python\scripts\youtube_gallery_nicegui\pages\xbox_download_videos\downloaded_media4\Short_Short_c5331c0e-c18b-4b76-893c-452b3b2f2e7d_20251215_040330_20251219_211013.mp4,0:00:59,37.99301528930664,1080x1920
Short_Short_c6173845-a774-45f3-9678-d0251c5a781a_20251215_024208_20251219_222949.mp4,C:\discolocal\PROYECTOS\PYTHON\YouTube Upload Python\scripts\youtube_gallery_nicegui\pages\xbox_download_videos\downloaded_media4\Short_Short_c6173845-a774-45f3-9678-d0251c5a781a_20251215_024208_20251219_222949.mp4,0:00:59,20.38007354736328,1080x1920
Short_Short_ca644553-dd08-4d08-b616-cceec6bd2962_20251215_040638_20251219_221743.mp4,C:\discolocal\PROYECTOS\PYTHON\YouTube Upload Python\scripts\youtube_gallery_nicegui\pages\xbox_download_videos\downloaded_media4\Short_Short_ca644553-dd08-4d08-b616-cceec6bd2962_20251215_040638_20251219_221743.mp4,0:00:59,45.53679084777832,1080x1920
Short_Short_ce79b6df-50bf-4f55-afc5-3c8c234437ff_20251215_025750_20251219_213805.mp4,C:\discolocal\PROYECTOS\PYTHON\YouTube Upload Python\scripts\youtube_gallery_nicegui\pages\xbox_download_videos\downloaded_media4\Short_Short_ce79b6df-50bf-4f55-afc5-3c8c234437ff_20251215_025750_20251219_213805.mp4,0:00:59,31.63968849182129,1080x1920
Short_Short_ddf28d73-cc0d-4945-9d21-0ab7ad073a1a_20251215_034920_20251219_230850.mp4,C:\discolocal\PROYECTOS\PYTHON\YouTube Upload Python\scripts\youtube_gallery_nicegui\pages\xbox_download_videos\downloaded_media4\Short_Short_ddf28d73-cc0d-4945-9d21-0ab7ad073a1a_20251215_034920_20251219_230850.mp4,0:00:59,68.3701229095459,1080x1920
Short_Short_e93a10b6-c7a3-4dcd-8990-729deda070db_20251215_023556_20251219_212015.mp4,C:\discolocal\PROYECTOS\PYTHON\YouTube Upload Python\scripts\youtube_gallery_nicegui\pages\xbox_download_videos\downloaded_media4\Short_Short_e93a10b6-c7a3-4dcd-8990-729deda070db_20251215_023556_20251219_212015.mp4,0:00:59,35.931111335754395,1080x1920
Short_Short_eb3d1002-d087-4633-86c1-f8700c317505_20251215_031420_20251219_224448.mp4,C:\discolocal\PROYECTOS\PYTHON\YouTube Upload Python\scripts\youtube_gallery_nicegui\pages\xbox_download_videos\downloaded_media4\Short_Short_eb3d1002-d087-4633-86c1-f8700c317505_20251215_031420_20251219_224448.mp4,0:00:59,39.00875377655029,1080x1920
Short_Short_f5f6b2bb-2829-4699-ba49-18f3e163453e_20251215_032409_20251219_232829.mp4,C:\discolocal\PROYECTOS\PYTHON\YouTube Upload Python\scripts\youtube_gallery_nicegui\pages\xbox_download_videos\downloaded_media4\Short_Short_f5f6b2bb-2829-4699-ba49-18f3e163453e_20251215_032409_20251219_232829.mp4,0:01:00,27.047614097595215,1080x1920
